"","intid","year","studyid","spp1","spp2","interaction","neg_phenovalue","neg_slope","pos_phenovalue","pos_slope","phenodiff"
"1",1,1951,"EMW001","Acartia tonsa","Mnemiopsis leidyi","predation",154.875,0.269528146529995,206.625,-1.43251570048309,-51.75
"2",1,1972,"EMW001","Acartia tonsa","Mnemiopsis leidyi","predation",176,0.269528146529995,188.458,-1.43251570048309,-12.458
"3",1,1973,"EMW001","Acartia tonsa","Mnemiopsis leidyi","predation",173.083,0.269528146529995,197.042,-1.43251570048309,-23.959
"4",1,1976,"EMW001","Acartia tonsa","Mnemiopsis leidyi","predation",178.875,0.269528146529995,207.625,-1.43251570048309,-28.75
"5",1,1981,"EMW001","Acartia tonsa","Mnemiopsis leidyi","predation",187.458,0.269528146529995,NA,NA,NA
"6",1,1982,"EMW001","Acartia tonsa","Mnemiopsis leidyi","predation",172.125,0.269528146529995,NA,NA,NA
"7",1,1983,"EMW001","Acartia tonsa","Mnemiopsis leidyi","predation",177.875,0.269528146529995,226.75,-1.43251570048309,-48.875
"8",1,2001,"EMW001","Acartia tonsa","Mnemiopsis leidyi","predation",176.917,0.269528146529995,NA,NA,NA
"9",1,2002,"EMW001","Acartia tonsa","Mnemiopsis leidyi","predation",169.25,0.269528146529995,106.958,-1.43251570048309,62.292
"10",1,2003,"EMW001","Acartia tonsa","Mnemiopsis leidyi","predation",180.75,0.269528146529995,NA,NA,NA
"11",19,1982,"HMK004","Quercus spp.","Tortrix viridana","herbivory",99.6054,0.98111071428564,102.261,0.92995714285708,-2.65559999999999
"12",19,1983,"HMK004","Quercus spp.","Tortrix viridana","herbivory",92.7749,0.98111071428564,96.6617,0.92995714285708,-3.88679999999999
"13",19,1984,"HMK004","Quercus spp.","Tortrix viridana","herbivory",100.0908,0.98111071428564,105.007,0.92995714285708,-4.9162
"14",19,1985,"HMK004","Quercus spp.","Tortrix viridana","herbivory",107.67,0.98111071428564,109.914,0.92995714285708,-2.244
"15",19,1986,"HMK004","Quercus spp.","Tortrix viridana","herbivory",92.4126,0.98111071428564,96.7122,0.92995714285708,-4.2996
"16",19,1987,"HMK004","Quercus spp.","Tortrix viridana","herbivory",115.786,0.98111071428564,114.949,0.92995714285708,0.837000000000003
"17",19,1988,"HMK004","Quercus spp.","Tortrix viridana","herbivory",95.9811,0.98111071428564,101.514,0.92995714285708,-5.5329
"18",22,1996,"HMK006","Dendroctonus valens","Corticeus parallelus","predation",139.5,10.5000000000016,103,51.0000000000078,36.5
"19",22,1997,"HMK006","Dendroctonus valens","Corticeus parallelus","predation",150,10.5000000000016,154,51.0000000000078,-4
"20",23,1996,"HMK006","Dendroctonus valens","Enoclerus nigripes","predation",139.5,10.5000000000016,171.5,53.0000000000081,-32
"21",23,1997,"HMK006","Dendroctonus valens","Enoclerus nigripes","predation",150,10.5000000000016,224.5,53.0000000000081,-74.5
"22",24,1996,"HMK006","Dendroctonus valens","Thanasimus dubius","predation",139.5,10.5000000000016,137,-4.00000000000056,2.5
"23",24,1997,"HMK006","Dendroctonus valens","Thanasimus dubius","predation",150,10.5000000000016,133,-4.00000000000056,17
"24",25,1996,"HMK006","Dendroctonus valens","Platysoma cylindrica","predation",139.5,10.5000000000016,139,15.0000000000023,0.5
"25",25,1997,"HMK006","Dendroctonus valens","Platysoma cylindrica","predation",150,10.5000000000016,154,15.0000000000023,-4
"26",26,1996,"HMK006","Dendroctonus valens","Platysoma parallelum","predation",139.5,10.5000000000016,138,18.0000000000028,1.5
"27",26,1997,"HMK006","Dendroctonus valens","Platysoma parallelum","predation",150,10.5000000000016,156,18.0000000000028,-6
"28",27,1996,"HMK006","Dendroctonus valens","Cucujus clavipes","predation",139.5,10.5000000000016,103,61.0000000000093,36.5
"29",27,1997,"HMK006","Dendroctonus valens","Cucujus clavipes","predation",150,10.5000000000016,164,61.0000000000093,-14
"30",28,1996,"HMK006","Dryocetes autographus","Corticeus parallelus","predation",140,16.0000000000025,103,51.0000000000078,37
"31",28,1997,"HMK006","Dryocetes autographus","Corticeus parallelus","predation",156,16.0000000000025,154,51.0000000000078,2
"32",29,1996,"HMK006","Dryocetes autographus","Enoclerus nigripes","predation",140,16.0000000000025,171.5,53.0000000000081,-31.5
"33",29,1997,"HMK006","Dryocetes autographus","Enoclerus nigripes","predation",156,16.0000000000025,224.5,53.0000000000081,-68.5
"34",30,1996,"HMK006","Dryocetes autographus","Platysoma cylindrica","predation",140,16.0000000000025,139,15.0000000000023,1
"35",30,1997,"HMK006","Dryocetes autographus","Platysoma cylindrica","predation",156,16.0000000000025,154,15.0000000000023,2
"36",31,1996,"HMK006","Dryocetes autographus","Platysoma parallelum","predation",140,16.0000000000025,138,18.0000000000028,2
"37",31,1997,"HMK006","Dryocetes autographus","Platysoma parallelum","predation",156,16.0000000000025,156,18.0000000000028,0
"38",32,1996,"HMK006","Dryocetes autographus","Thanasimus dubius","predation",140,16.0000000000025,137,-4.00000000000056,3
"39",32,1997,"HMK006","Dryocetes autographus","Thanasimus dubius","predation",156,16.0000000000025,133,-4.00000000000056,23
"40",33,1996,"HMK006","Dryocetes autographus","Cucujus clavipes","predation",140,16.0000000000025,103,61.0000000000093,37
"41",33,1997,"HMK006","Dryocetes autographus","Cucujus clavipes","predation",156,16.0000000000025,164,61.0000000000093,-8
"42",34,1996,"HMK006","Gnathotrichus materiarius","Platysoma parallelum","predation",132,11.0000000000017,138,18.0000000000028,-6
"43",34,1997,"HMK006","Gnathotrichus materiarius","Platysoma parallelum","predation",143,11.0000000000017,156,18.0000000000028,-13
"44",35,1996,"HMK006","Gnathotrichus materiarius","Cucujus clavipes","predation",132,11.0000000000017,103,61.0000000000093,29
"45",35,1997,"HMK006","Gnathotrichus materiarius","Cucujus clavipes","predation",143,11.0000000000017,164,61.0000000000093,-21
"46",36,1996,"HMK006","Gnathotrichus materiarius","Platysoma cylindrica","predation",132,11.0000000000017,139,15.0000000000023,-7
"47",36,1997,"HMK006","Gnathotrichus materiarius","Platysoma cylindrica","predation",143,11.0000000000017,154,15.0000000000023,-11
"48",37,1996,"HMK006","Gnathotrichus materiarius","Corticeus parallelus","predation",132,11.0000000000017,103,51.0000000000078,29
"49",37,1997,"HMK006","Gnathotrichus materiarius","Corticeus parallelus","predation",143,11.0000000000017,154,51.0000000000078,-11
"50",38,1996,"HMK006","Gnathotrichus materiarius","Enoclerus nigripes","predation",132,11.0000000000017,171.5,53.0000000000081,-39.5
"51",38,1997,"HMK006","Gnathotrichus materiarius","Enoclerus nigripes","predation",143,11.0000000000017,224.5,53.0000000000081,-81.5
"52",39,1996,"HMK006","Gnathotrichus materiarius","Thanasimus dubius","predation",132,11.0000000000017,137,-4.00000000000056,-5
"53",39,1997,"HMK006","Gnathotrichus materiarius","Thanasimus dubius","predation",143,11.0000000000017,133,-4.00000000000056,10
"54",40,1996,"HMK006","Hylastes porculus","Cucujus clavipes","predation",141,14.5000000000022,103,61.0000000000093,38
"55",40,1997,"HMK006","Hylastes porculus","Cucujus clavipes","predation",155.5,14.5000000000022,164,61.0000000000093,-8.5
"56",41,1996,"HMK006","Hylastes porculus","Platysoma cylindrica","predation",141,14.5000000000022,139,15.0000000000023,2
"57",41,1997,"HMK006","Hylastes porculus","Platysoma cylindrica","predation",155.5,14.5000000000022,154,15.0000000000023,1.5
"58",42,1996,"HMK006","Hylastes porculus","Corticeus parallelus","predation",141,14.5000000000022,103,51.0000000000078,38
"59",42,1997,"HMK006","Hylastes porculus","Corticeus parallelus","predation",155.5,14.5000000000022,154,51.0000000000078,1.5
"60",43,1996,"HMK006","Hylastes porculus","Enoclerus nigripes","predation",141,14.5000000000022,171.5,53.0000000000081,-30.5
"61",43,1997,"HMK006","Hylastes porculus","Enoclerus nigripes","predation",155.5,14.5000000000022,224.5,53.0000000000081,-69
"62",44,1996,"HMK006","Hylastes porculus","Thanasimus dubius","predation",141,14.5000000000022,137,-4.00000000000056,4
"63",44,1997,"HMK006","Hylastes porculus","Thanasimus dubius","predation",155.5,14.5000000000022,133,-4.00000000000056,22.5
"64",45,1996,"HMK006","Hylastes porculus","Platysoma parallelum","predation",141,14.5000000000022,138,18.0000000000028,3
"65",45,1997,"HMK006","Hylastes porculus","Platysoma parallelum","predation",155.5,14.5000000000022,156,18.0000000000028,-0.5
"66",46,1996,"HMK006","Hylurgops rugipennis pinifex","Thanasimus dubius","predation",139,-12.0000000000018,137,-4.00000000000056,2
"67",46,1997,"HMK006","Hylurgops rugipennis pinifex","Thanasimus dubius","predation",127,-12.0000000000018,133,-4.00000000000056,-6
"68",47,1996,"HMK006","Hylurgops rugipennis pinifex","Platysoma parallelum","predation",139,-12.0000000000018,138,18.0000000000028,1
"69",47,1997,"HMK006","Hylurgops rugipennis pinifex","Platysoma parallelum","predation",127,-12.0000000000018,156,18.0000000000028,-29
"70",48,1996,"HMK006","Hylurgops rugipennis pinifex","Enoclerus nigripes","predation",139,-12.0000000000018,171.5,53.0000000000081,-32.5
"71",48,1997,"HMK006","Hylurgops rugipennis pinifex","Enoclerus nigripes","predation",127,-12.0000000000018,224.5,53.0000000000081,-97.5
"72",49,1996,"HMK006","Hylurgops rugipennis pinifex","Corticeus parallelus","predation",139,-12.0000000000018,103,51.0000000000078,36
"73",49,1997,"HMK006","Hylurgops rugipennis pinifex","Corticeus parallelus","predation",127,-12.0000000000018,154,51.0000000000078,-27
"74",50,1996,"HMK006","Hylurgops rugipennis pinifex","Cucujus clavipes","predation",139,-12.0000000000018,103,61.0000000000093,36
"75",50,1997,"HMK006","Hylurgops rugipennis pinifex","Cucujus clavipes","predation",127,-12.0000000000018,164,61.0000000000093,-37
"76",51,1996,"HMK006","Hylurgops rugipennis pinifex","Platysoma cylindrica","predation",139,-12.0000000000018,139,15.0000000000023,0
"77",51,1997,"HMK006","Hylurgops rugipennis pinifex","Platysoma cylindrica","predation",127,-12.0000000000018,154,15.0000000000023,-27
"78",52,1996,"HMK006","Ips grandicollis","Corticeus parallelus","predation",139,10.0000000000016,103,51.0000000000078,36
"79",52,1997,"HMK006","Ips grandicollis","Corticeus parallelus","predation",149,10.0000000000016,154,51.0000000000078,-5
"80",53,1996,"HMK006","Ips grandicollis","Cucujus clavipes","predation",139,10.0000000000016,103,61.0000000000093,36
"81",53,1997,"HMK006","Ips grandicollis","Cucujus clavipes","predation",149,10.0000000000016,164,61.0000000000093,-15
"82",54,1996,"HMK006","Ips grandicollis","Enoclerus nigripes","predation",139,10.0000000000016,171.5,53.0000000000081,-32.5
"83",54,1997,"HMK006","Ips grandicollis","Enoclerus nigripes","predation",149,10.0000000000016,224.5,53.0000000000081,-75.5
"84",55,1996,"HMK006","Ips grandicollis","Platysoma cylindrica","predation",139,10.0000000000016,139,15.0000000000023,0
"85",55,1997,"HMK006","Ips grandicollis","Platysoma cylindrica","predation",149,10.0000000000016,154,15.0000000000023,-5
"86",56,1996,"HMK006","Ips grandicollis","Platysoma parallelum","predation",139,10.0000000000016,138,18.0000000000028,1
"87",56,1997,"HMK006","Ips grandicollis","Platysoma parallelum","predation",149,10.0000000000016,156,18.0000000000028,-7
"88",57,1996,"HMK006","Ips grandicollis","Thanasimus dubius","predation",139,10.0000000000016,137,-4.00000000000056,2
"89",57,1997,"HMK006","Ips grandicollis","Thanasimus dubius","predation",149,10.0000000000016,133,-4.00000000000056,16
"90",58,1996,"HMK006","Ips pini","Enoclerus nigripes","predation",134,-7.00000000000105,171.5,53.0000000000081,-37.5
"91",58,1997,"HMK006","Ips pini","Enoclerus nigripes","predation",127,-7.00000000000105,224.5,53.0000000000081,-97.5
"92",59,1996,"HMK006","Ips pini","Platysoma parallelum","predation",134,-7.00000000000105,138,18.0000000000028,-4
"93",59,1997,"HMK006","Ips pini","Platysoma parallelum","predation",127,-7.00000000000105,156,18.0000000000028,-29
"94",60,1996,"HMK006","Ips pini","Thanasimus dubius","predation",134,-7.00000000000105,137,-4.00000000000056,-3
"95",60,1997,"HMK006","Ips pini","Thanasimus dubius","predation",127,-7.00000000000105,133,-4.00000000000056,-6
"96",61,1996,"HMK006","Ips pini","Platysoma cylindrica","predation",134,-7.00000000000105,139,15.0000000000023,-5
"97",61,1997,"HMK006","Ips pini","Platysoma cylindrica","predation",127,-7.00000000000105,154,15.0000000000023,-27
"98",62,1996,"HMK006","Ips pini","Cucujus clavipes","predation",134,-7.00000000000105,103,61.0000000000093,31
"99",62,1997,"HMK006","Ips pini","Cucujus clavipes","predation",127,-7.00000000000105,164,61.0000000000093,-37
"100",63,1996,"HMK006","Ips pini","Corticeus parallelus","predation",134,-7.00000000000105,103,51.0000000000078,31
"101",63,1997,"HMK006","Ips pini","Corticeus parallelus","predation",127,-7.00000000000105,154,51.0000000000078,-27
"102",64,1996,"HMK006","Monochamus spp.","Cucujus clavipes","predation",186.5,-10.0000000000015,103,61.0000000000093,83.5
"103",64,1997,"HMK006","Monochamus spp.","Cucujus clavipes","predation",176.5,-10.0000000000015,164,61.0000000000093,12.5
"104",65,1996,"HMK006","Monochamus spp.","Corticeus parallelus","predation",186.5,-10.0000000000015,103,51.0000000000078,83.5
"105",65,1997,"HMK006","Monochamus spp.","Corticeus parallelus","predation",176.5,-10.0000000000015,154,51.0000000000078,22.5
"106",66,1996,"HMK006","Monochamus spp.","Platysoma cylindrica","predation",186.5,-10.0000000000015,139,15.0000000000023,47.5
"107",66,1997,"HMK006","Monochamus spp.","Platysoma cylindrica","predation",176.5,-10.0000000000015,154,15.0000000000023,22.5
"108",67,1996,"HMK006","Monochamus spp.","Thanasimus dubius","predation",186.5,-10.0000000000015,137,-4.00000000000056,49.5
"109",67,1997,"HMK006","Monochamus spp.","Thanasimus dubius","predation",176.5,-10.0000000000015,133,-4.00000000000056,43.5
"110",68,1996,"HMK006","Monochamus spp.","Enoclerus nigripes","predation",186.5,-10.0000000000015,171.5,53.0000000000081,15
"111",68,1997,"HMK006","Monochamus spp.","Enoclerus nigripes","predation",176.5,-10.0000000000015,224.5,53.0000000000081,-48
"112",69,1996,"HMK006","Monochamus spp.","Platysoma parallelum","predation",186.5,-10.0000000000015,138,18.0000000000028,48.5
"113",69,1997,"HMK006","Monochamus spp.","Platysoma parallelum","predation",176.5,-10.0000000000015,156,18.0000000000028,20.5
"114",70,1996,"HMK006","Orthotomicus caelatus","Corticeus parallelus","predation",139,15.0000000000023,103,51.0000000000078,36
"115",70,1997,"HMK006","Orthotomicus caelatus","Corticeus parallelus","predation",154,15.0000000000023,154,51.0000000000078,0
"116",71,1996,"HMK006","Orthotomicus caelatus","Platysoma cylindrica","predation",139,15.0000000000023,139,15.0000000000023,0
"117",71,1997,"HMK006","Orthotomicus caelatus","Platysoma cylindrica","predation",154,15.0000000000023,154,15.0000000000023,0
"118",72,1996,"HMK006","Orthotomicus caelatus","Thanasimus dubius","predation",139,15.0000000000023,137,-4.00000000000056,2
"119",72,1997,"HMK006","Orthotomicus caelatus","Thanasimus dubius","predation",154,15.0000000000023,133,-4.00000000000056,21
"120",73,1996,"HMK006","Orthotomicus caelatus","Enoclerus nigripes","predation",139,15.0000000000023,171.5,53.0000000000081,-32.5
"121",73,1997,"HMK006","Orthotomicus caelatus","Enoclerus nigripes","predation",154,15.0000000000023,224.5,53.0000000000081,-70.5
"122",74,1996,"HMK006","Orthotomicus caelatus","Platysoma parallelum","predation",139,15.0000000000023,138,18.0000000000028,1
"123",74,1997,"HMK006","Orthotomicus caelatus","Platysoma parallelum","predation",154,15.0000000000023,156,18.0000000000028,-2
"124",75,1996,"HMK006","Orthotomicus caelatus","Cucujus clavipes","predation",139,15.0000000000023,103,61.0000000000093,36
"125",75,1997,"HMK006","Orthotomicus caelatus","Cucujus clavipes","predation",154,15.0000000000023,164,61.0000000000093,-10
"126",76,1996,"HMK006","Pissodes approximatus","Platysoma parallelum","predation",118.5,-24.5000000000038,138,18.0000000000028,-19.5
"127",76,1997,"HMK006","Pissodes approximatus","Platysoma parallelum","predation",94,-24.5000000000038,156,18.0000000000028,-62
"128",77,1996,"HMK006","Pissodes approximatus","Corticeus parallelus","predation",118.5,-24.5000000000038,103,51.0000000000078,15.5
"129",77,1997,"HMK006","Pissodes approximatus","Corticeus parallelus","predation",94,-24.5000000000038,154,51.0000000000078,-60
"130",78,1996,"HMK006","Pissodes approximatus","Cucujus clavipes","predation",118.5,-24.5000000000038,103,61.0000000000093,15.5
"131",78,1997,"HMK006","Pissodes approximatus","Cucujus clavipes","predation",94,-24.5000000000038,164,61.0000000000093,-70
"132",79,1996,"HMK006","Pissodes approximatus","Enoclerus nigripes","predation",118.5,-24.5000000000038,171.5,53.0000000000081,-53
"133",79,1997,"HMK006","Pissodes approximatus","Enoclerus nigripes","predation",94,-24.5000000000038,224.5,53.0000000000081,-130.5
"134",80,1996,"HMK006","Pissodes approximatus","Platysoma cylindrica","predation",118.5,-24.5000000000038,139,15.0000000000023,-20.5
"135",80,1997,"HMK006","Pissodes approximatus","Platysoma cylindrica","predation",94,-24.5000000000038,154,15.0000000000023,-60
"136",81,1996,"HMK006","Pissodes approximatus","Thanasimus dubius","predation",118.5,-24.5000000000038,137,-4.00000000000056,-18.5
"137",81,1997,"HMK006","Pissodes approximatus","Thanasimus dubius","predation",94,-24.5000000000038,133,-4.00000000000056,-39
"138",82,1996,"HMK006","Tomicus piniperda","Platysoma parallelum","predation",88.5,-8.00000000000123,138,18.0000000000028,-49.5
"139",82,1997,"HMK006","Tomicus piniperda","Platysoma parallelum","predation",80.5,-8.00000000000123,156,18.0000000000028,-75.5
"140",83,1996,"HMK006","Tomicus piniperda","Cucujus clavipes","predation",88.5,-8.00000000000123,103,61.0000000000093,-14.5
"141",83,1997,"HMK006","Tomicus piniperda","Cucujus clavipes","predation",80.5,-8.00000000000123,164,61.0000000000093,-83.5
"142",84,1996,"HMK006","Tomicus piniperda","Enoclerus nigripes","predation",88.5,-8.00000000000123,171.5,53.0000000000081,-83
"143",84,1997,"HMK006","Tomicus piniperda","Enoclerus nigripes","predation",80.5,-8.00000000000123,224.5,53.0000000000081,-144
"144",85,1996,"HMK006","Tomicus piniperda","Corticeus parallelus","predation",88.5,-8.00000000000123,103,51.0000000000078,-14.5
"145",85,1997,"HMK006","Tomicus piniperda","Corticeus parallelus","predation",80.5,-8.00000000000123,154,51.0000000000078,-73.5
"146",86,1996,"HMK006","Tomicus piniperda","Platysoma cylindrica","predation",88.5,-8.00000000000123,139,15.0000000000023,-50.5
"147",86,1997,"HMK006","Tomicus piniperda","Platysoma cylindrica","predation",80.5,-8.00000000000123,154,15.0000000000023,-73.5
"148",87,1996,"HMK006","Tomicus piniperda","Thanasimus dubius","predation",88.5,-8.00000000000123,137,-4.00000000000056,-48.5
"149",87,1997,"HMK006","Tomicus piniperda","Thanasimus dubius","predation",80.5,-8.00000000000123,133,-4.00000000000056,-52.5
"150",88,1996,"HMK006","Dendroctonus valens","Dryocetes autographus","competition",139.5,10.5000000000016,140,16.0000000000025,-0.5
"151",88,1997,"HMK006","Dendroctonus valens","Dryocetes autographus","competition",150,10.5000000000016,156,16.0000000000025,-6
"152",89,1996,"HMK006","Dendroctonus valens","Gnathotrichus materiarius","competition",139.5,10.5000000000016,132,11.0000000000017,7.5
"153",89,1997,"HMK006","Dendroctonus valens","Gnathotrichus materiarius","competition",150,10.5000000000016,143,11.0000000000017,7
"154",90,1996,"HMK006","Dendroctonus valens","Hylastes porculus","competition",139.5,10.5000000000016,141,14.5000000000022,-1.5
"155",90,1997,"HMK006","Dendroctonus valens","Hylastes porculus","competition",150,10.5000000000016,155.5,14.5000000000022,-5.5
"156",91,1996,"HMK006","Dendroctonus valens","Hylurgops rugipennis pinifex","competition",139.5,10.5000000000016,139,-12.0000000000018,0.5
"157",91,1997,"HMK006","Dendroctonus valens","Hylurgops rugipennis pinifex","competition",150,10.5000000000016,127,-12.0000000000018,23
"158",92,1996,"HMK006","Dendroctonus valens","Ips grandicollis","competition",139.5,10.5000000000016,139,10.0000000000016,0.5
"159",92,1997,"HMK006","Dendroctonus valens","Ips grandicollis","competition",150,10.5000000000016,149,10.0000000000016,1
"160",93,1996,"HMK006","Dendroctonus valens","Ips pini","competition",139.5,10.5000000000016,134,-7.00000000000105,5.5
"161",93,1997,"HMK006","Dendroctonus valens","Ips pini","competition",150,10.5000000000016,127,-7.00000000000105,23
"162",94,1996,"HMK006","Dendroctonus valens","Monochamus spp.","competition",139.5,10.5000000000016,186.5,-10.0000000000015,-47
"163",94,1997,"HMK006","Dendroctonus valens","Monochamus spp.","competition",150,10.5000000000016,176.5,-10.0000000000015,-26.5
"164",95,1996,"HMK006","Dendroctonus valens","Orthotomicus caelatus","competition",139.5,10.5000000000016,139,15.0000000000023,0.5
"165",95,1997,"HMK006","Dendroctonus valens","Orthotomicus caelatus","competition",150,10.5000000000016,154,15.0000000000023,-4
"166",96,1996,"HMK006","Dendroctonus valens","Pissodes approximatus","competition",139.5,10.5000000000016,118.5,-24.5000000000038,21
"167",96,1997,"HMK006","Dendroctonus valens","Pissodes approximatus","competition",150,10.5000000000016,94,-24.5000000000038,56
"168",97,1996,"HMK006","Dendroctonus valens","Tomicus piniperda","competition",139.5,10.5000000000016,88.5,-8.00000000000123,51
"169",97,1997,"HMK006","Dendroctonus valens","Tomicus piniperda","competition",150,10.5000000000016,80.5,-8.00000000000123,69.5
"170",98,1996,"HMK006","Dryocetes autographus","Gnathotrichus materiarius","competition",140,16.0000000000025,132,11.0000000000017,8
"171",98,1997,"HMK006","Dryocetes autographus","Gnathotrichus materiarius","competition",156,16.0000000000025,143,11.0000000000017,13
"172",99,1996,"HMK006","Dryocetes autographus","Hylastes porculus","competition",140,16.0000000000025,141,14.5000000000022,-1
"173",99,1997,"HMK006","Dryocetes autographus","Hylastes porculus","competition",156,16.0000000000025,155.5,14.5000000000022,0.5
"174",100,1996,"HMK006","Dryocetes autographus","Hylurgops rugipennis pinifex","competition",140,16.0000000000025,139,-12.0000000000018,1
"175",100,1997,"HMK006","Dryocetes autographus","Hylurgops rugipennis pinifex","competition",156,16.0000000000025,127,-12.0000000000018,29
"176",101,1996,"HMK006","Dryocetes autographus","Ips grandicollis","competition",140,16.0000000000025,139,10.0000000000016,1
"177",101,1997,"HMK006","Dryocetes autographus","Ips grandicollis","competition",156,16.0000000000025,149,10.0000000000016,7
"178",102,1996,"HMK006","Dryocetes autographus","Ips pini","competition",140,16.0000000000025,134,-7.00000000000105,6
"179",102,1997,"HMK006","Dryocetes autographus","Ips pini","competition",156,16.0000000000025,127,-7.00000000000105,29
"180",103,1996,"HMK006","Dryocetes autographus","Monochamus spp.","competition",140,16.0000000000025,186.5,-10.0000000000015,-46.5
"181",103,1997,"HMK006","Dryocetes autographus","Monochamus spp.","competition",156,16.0000000000025,176.5,-10.0000000000015,-20.5
"182",104,1996,"HMK006","Dryocetes autographus","Orthotomicus caelatus","competition",140,16.0000000000025,139,15.0000000000023,1
"183",104,1997,"HMK006","Dryocetes autographus","Orthotomicus caelatus","competition",156,16.0000000000025,154,15.0000000000023,2
"184",105,1996,"HMK006","Dryocetes autographus","Pissodes approximatus","competition",140,16.0000000000025,118.5,-24.5000000000038,21.5
"185",105,1997,"HMK006","Dryocetes autographus","Pissodes approximatus","competition",156,16.0000000000025,94,-24.5000000000038,62
"186",106,1996,"HMK006","Dryocetes autographus","Tomicus piniperda","competition",140,16.0000000000025,88.5,-8.00000000000123,51.5
"187",106,1997,"HMK006","Dryocetes autographus","Tomicus piniperda","competition",156,16.0000000000025,80.5,-8.00000000000123,75.5
"188",107,1996,"HMK006","Gnathotrichus materiarius","Hylastes porculus","competition",132,11.0000000000017,141,14.5000000000022,-9
"189",107,1997,"HMK006","Gnathotrichus materiarius","Hylastes porculus","competition",143,11.0000000000017,155.5,14.5000000000022,-12.5
"190",108,1996,"HMK006","Gnathotrichus materiarius","Hylurgops rugipennis pinifex","competition",132,11.0000000000017,139,-12.0000000000018,-7
"191",108,1997,"HMK006","Gnathotrichus materiarius","Hylurgops rugipennis pinifex","competition",143,11.0000000000017,127,-12.0000000000018,16
"192",109,1996,"HMK006","Gnathotrichus materiarius","Ips grandicollis","competition",132,11.0000000000017,139,10.0000000000016,-7
"193",109,1997,"HMK006","Gnathotrichus materiarius","Ips grandicollis","competition",143,11.0000000000017,149,10.0000000000016,-6
"194",110,1996,"HMK006","Gnathotrichus materiarius","Ips pini","competition",132,11.0000000000017,134,-7.00000000000105,-2
"195",110,1997,"HMK006","Gnathotrichus materiarius","Ips pini","competition",143,11.0000000000017,127,-7.00000000000105,16
"196",111,1996,"HMK006","Gnathotrichus materiarius","Monochamus spp.","competition",132,11.0000000000017,186.5,-10.0000000000015,-54.5
"197",111,1997,"HMK006","Gnathotrichus materiarius","Monochamus spp.","competition",143,11.0000000000017,176.5,-10.0000000000015,-33.5
"198",112,1996,"HMK006","Gnathotrichus materiarius","Orthotomicus caelatus","competition",132,11.0000000000017,139,15.0000000000023,-7
"199",112,1997,"HMK006","Gnathotrichus materiarius","Orthotomicus caelatus","competition",143,11.0000000000017,154,15.0000000000023,-11
"200",113,1996,"HMK006","Gnathotrichus materiarius","Pissodes approximatus","competition",132,11.0000000000017,118.5,-24.5000000000038,13.5
"201",113,1997,"HMK006","Gnathotrichus materiarius","Pissodes approximatus","competition",143,11.0000000000017,94,-24.5000000000038,49
"202",114,1996,"HMK006","Gnathotrichus materiarius","Tomicus piniperda","competition",132,11.0000000000017,88.5,-8.00000000000123,43.5
"203",114,1997,"HMK006","Gnathotrichus materiarius","Tomicus piniperda","competition",143,11.0000000000017,80.5,-8.00000000000123,62.5
"204",115,1996,"HMK006","Hylastes porculus","Hylurgops rugipennis pinifex","competition",141,14.5000000000022,139,-12.0000000000018,2
"205",115,1997,"HMK006","Hylastes porculus","Hylurgops rugipennis pinifex","competition",155.5,14.5000000000022,127,-12.0000000000018,28.5
"206",116,1996,"HMK006","Hylastes porculus","Ips grandicollis","competition",141,14.5000000000022,139,10.0000000000016,2
"207",116,1997,"HMK006","Hylastes porculus","Ips grandicollis","competition",155.5,14.5000000000022,149,10.0000000000016,6.5
"208",117,1996,"HMK006","Hylastes porculus","Ips pini","competition",141,14.5000000000022,134,-7.00000000000105,7
"209",117,1997,"HMK006","Hylastes porculus","Ips pini","competition",155.5,14.5000000000022,127,-7.00000000000105,28.5
"210",118,1996,"HMK006","Hylastes porculus","Monochamus spp.","competition",141,14.5000000000022,186.5,-10.0000000000015,-45.5
"211",118,1997,"HMK006","Hylastes porculus","Monochamus spp.","competition",155.5,14.5000000000022,176.5,-10.0000000000015,-21
"212",119,1996,"HMK006","Hylastes porculus","Orthotomicus caelatus","competition",141,14.5000000000022,139,15.0000000000023,2
"213",119,1997,"HMK006","Hylastes porculus","Orthotomicus caelatus","competition",155.5,14.5000000000022,154,15.0000000000023,1.5
"214",120,1996,"HMK006","Hylastes porculus","Pissodes approximatus","competition",141,14.5000000000022,118.5,-24.5000000000038,22.5
"215",120,1997,"HMK006","Hylastes porculus","Pissodes approximatus","competition",155.5,14.5000000000022,94,-24.5000000000038,61.5
"216",121,1996,"HMK006","Hylastes porculus","Tomicus piniperda","competition",141,14.5000000000022,88.5,-8.00000000000123,52.5
"217",121,1997,"HMK006","Hylastes porculus","Tomicus piniperda","competition",155.5,14.5000000000022,80.5,-8.00000000000123,75
"218",122,1996,"HMK006","Hylurgops rugipennis pinifex","Ips grandicollis","competition",139,-12.0000000000018,139,10.0000000000016,0
"219",122,1997,"HMK006","Hylurgops rugipennis pinifex","Ips grandicollis","competition",127,-12.0000000000018,149,10.0000000000016,-22
"220",123,1996,"HMK006","Hylurgops rugipennis pinifex","Ips pini","competition",139,-12.0000000000018,134,-7.00000000000105,5
"221",123,1997,"HMK006","Hylurgops rugipennis pinifex","Ips pini","competition",127,-12.0000000000018,127,-7.00000000000105,0
"222",124,1996,"HMK006","Hylurgops rugipennis pinifex","Monochamus spp.","competition",139,-12.0000000000018,186.5,-10.0000000000015,-47.5
"223",124,1997,"HMK006","Hylurgops rugipennis pinifex","Monochamus spp.","competition",127,-12.0000000000018,176.5,-10.0000000000015,-49.5
"224",125,1996,"HMK006","Hylurgops rugipennis pinifex","Orthotomicus caelatus","competition",139,-12.0000000000018,139,15.0000000000023,0
"225",125,1997,"HMK006","Hylurgops rugipennis pinifex","Orthotomicus caelatus","competition",127,-12.0000000000018,154,15.0000000000023,-27
"226",126,1996,"HMK006","Hylurgops rugipennis pinifex","Pissodes approximatus","competition",139,-12.0000000000018,118.5,-24.5000000000038,20.5
"227",126,1997,"HMK006","Hylurgops rugipennis pinifex","Pissodes approximatus","competition",127,-12.0000000000018,94,-24.5000000000038,33
"228",127,1996,"HMK006","Hylurgops rugipennis pinifex","Tomicus piniperda","competition",139,-12.0000000000018,88.5,-8.00000000000123,50.5
"229",127,1997,"HMK006","Hylurgops rugipennis pinifex","Tomicus piniperda","competition",127,-12.0000000000018,80.5,-8.00000000000123,46.5
"230",128,1996,"HMK006","Ips grandicollis","Ips pini","competition",139,10.0000000000016,134,-7.00000000000105,5
"231",128,1997,"HMK006","Ips grandicollis","Ips pini","competition",149,10.0000000000016,127,-7.00000000000105,22
"232",129,1996,"HMK006","Ips grandicollis","Monochamus spp.","competition",139,10.0000000000016,186.5,-10.0000000000015,-47.5
"233",129,1997,"HMK006","Ips grandicollis","Monochamus spp.","competition",149,10.0000000000016,176.5,-10.0000000000015,-27.5
"234",130,1996,"HMK006","Ips grandicollis","Orthotomicus caelatus","competition",139,10.0000000000016,139,15.0000000000023,0
"235",130,1997,"HMK006","Ips grandicollis","Orthotomicus caelatus","competition",149,10.0000000000016,154,15.0000000000023,-5
"236",131,1996,"HMK006","Ips grandicollis","Pissodes approximatus","competition",139,10.0000000000016,118.5,-24.5000000000038,20.5
"237",131,1997,"HMK006","Ips grandicollis","Pissodes approximatus","competition",149,10.0000000000016,94,-24.5000000000038,55
"238",132,1996,"HMK006","Ips grandicollis","Tomicus piniperda","competition",139,10.0000000000016,88.5,-8.00000000000123,50.5
"239",132,1997,"HMK006","Ips grandicollis","Tomicus piniperda","competition",149,10.0000000000016,80.5,-8.00000000000123,68.5
"240",133,1996,"HMK006","Ips pini","Monochamus spp.","competition",134,-7.00000000000105,186.5,-10.0000000000015,-52.5
"241",133,1997,"HMK006","Ips pini","Monochamus spp.","competition",127,-7.00000000000105,176.5,-10.0000000000015,-49.5
"242",134,1996,"HMK006","Ips pini","Orthotomicus caelatus","competition",134,-7.00000000000105,139,15.0000000000023,-5
"243",134,1997,"HMK006","Ips pini","Orthotomicus caelatus","competition",127,-7.00000000000105,154,15.0000000000023,-27
"244",135,1996,"HMK006","Ips pini","Pissodes approximatus","competition",134,-7.00000000000105,118.5,-24.5000000000038,15.5
"245",135,1997,"HMK006","Ips pini","Pissodes approximatus","competition",127,-7.00000000000105,94,-24.5000000000038,33
"246",136,1996,"HMK006","Ips pini","Tomicus piniperda","competition",134,-7.00000000000105,88.5,-8.00000000000123,45.5
"247",136,1997,"HMK006","Ips pini","Tomicus piniperda","competition",127,-7.00000000000105,80.5,-8.00000000000123,46.5
"248",137,1996,"HMK006","Monochamus spp.","Orthotomicus caelatus","competition",186.5,-10.0000000000015,139,15.0000000000023,47.5
"249",137,1997,"HMK006","Monochamus spp.","Orthotomicus caelatus","competition",176.5,-10.0000000000015,154,15.0000000000023,22.5
"250",138,1996,"HMK006","Monochamus spp.","Pissodes approximatus","competition",186.5,-10.0000000000015,118.5,-24.5000000000038,68
"251",138,1997,"HMK006","Monochamus spp.","Pissodes approximatus","competition",176.5,-10.0000000000015,94,-24.5000000000038,82.5
"252",139,1996,"HMK006","Monochamus spp.","Tomicus piniperda","competition",186.5,-10.0000000000015,88.5,-8.00000000000123,98
"253",139,1997,"HMK006","Monochamus spp.","Tomicus piniperda","competition",176.5,-10.0000000000015,80.5,-8.00000000000123,96
"254",140,1996,"HMK006","Orthotomicus caelatus","Pissodes approximatus","competition",139,15.0000000000023,118.5,-24.5000000000038,20.5
"255",140,1997,"HMK006","Orthotomicus caelatus","Pissodes approximatus","competition",154,15.0000000000023,94,-24.5000000000038,60
"256",141,1996,"HMK006","Orthotomicus caelatus","Tomicus piniperda","competition",139,15.0000000000023,88.5,-8.00000000000123,50.5
"257",141,1997,"HMK006","Orthotomicus caelatus","Tomicus piniperda","competition",154,15.0000000000023,80.5,-8.00000000000123,73.5
"258",142,1996,"HMK006","Pissodes approximatus","Tomicus piniperda","competition",118.5,-24.5000000000038,88.5,-8.00000000000123,30
"259",142,1997,"HMK006","Pissodes approximatus","Tomicus piniperda","competition",94,-24.5000000000038,80.5,-8.00000000000123,13.5
"260",143,1983,"HMK007","Saxifraga reflexa","Saxifraga tricuspidata","competition",133,3.35714285714359,151,0.785714285714413,-18
"261",143,1985,"HMK007","Saxifraga reflexa","Saxifraga tricuspidata","competition",144,3.35714285714359,154,0.785714285714413,-10
"262",143,1986,"HMK007","Saxifraga reflexa","Saxifraga tricuspidata","competition",142,3.35714285714359,153,0.785714285714413,-11
"263",144,1984,"HMK008","Castilleja tenuiflora","Selasphorus platycercus","poll",105.7056,0.178439912684556,133.5947,-0.212802297047685,-27.8891
"264",144,1984,"HMK008","Castilleja tenuiflora","Selasphorus platycercus","poll",105.7056,0.178439912684556,77.5384,-0.212802297047685,28.1672
"265",144,1985,"HMK008","Castilleja tenuiflora","Selasphorus platycercus","poll",124.386,0.178439912684556,82.06802,-0.212802297047685,42.31798
"266",144,1985,"HMK008","Castilleja tenuiflora","Selasphorus platycercus","poll",124.386,0.178439912684556,141.6883,-0.212802297047685,-17.3023
"267",144,1986,"HMK008","Castilleja tenuiflora","Selasphorus platycercus","poll",81.53372,0.178439912684556,140.7407,-0.212802297047685,-59.20698
"268",144,1986,"HMK008","Castilleja tenuiflora","Selasphorus platycercus","poll",81.53372,0.178439912684556,94.0669,-0.212802297047685,-12.53318
"269",144,1987,"HMK008","Castilleja tenuiflora","Selasphorus platycercus","poll",110.7054,0.178439912684556,104.1018,-0.212802297047685,6.6036
"270",144,1988,"HMK008","Castilleja tenuiflora","Selasphorus platycercus","poll",109.9014,0.178439912684556,135.5615,-0.212802297047685,-25.6601
"271",144,1988,"HMK008","Castilleja tenuiflora","Selasphorus platycercus","poll",109.9014,0.178439912684556,139.0111,-0.212802297047685,-29.1097
"272",144,1989,"HMK008","Castilleja tenuiflora","Selasphorus platycercus","poll",125.3521,0.178439912684556,127.1896,-0.212802297047685,-1.83750000000001
"273",144,1989,"HMK008","Castilleja tenuiflora","Selasphorus platycercus","poll",125.3521,0.178439912684556,121.7085,-0.212802297047685,3.64359999999999
"274",144,1991,"HMK008","Castilleja tenuiflora","Selasphorus platycercus","poll",110.7233,0.178439912684556,103.4451,-0.212802297047685,7.2782
"275",144,1991,"HMK008","Castilleja tenuiflora","Selasphorus platycercus","poll",110.7233,0.178439912684556,133.2575,-0.212802297047685,-22.5342
"276",144,1992,"HMK008","Castilleja tenuiflora","Selasphorus platycercus","poll",116.1188,0.178439912684556,132.5773,-0.212802297047685,-16.4585
"277",144,1992,"HMK008","Castilleja tenuiflora","Selasphorus platycercus","poll",116.1188,0.178439912684556,101.8329,-0.212802297047685,14.2859
"278",144,1993,"HMK008","Castilleja tenuiflora","Selasphorus platycercus","poll",117.1447,0.178439912684556,137.4566,-0.212802297047685,-20.3119
"279",144,1993,"HMK008","Castilleja tenuiflora","Selasphorus platycercus","poll",117.1447,0.178439912684556,113.5057,-0.212802297047685,3.639
"280",144,1994,"HMK008","Castilleja tenuiflora","Selasphorus platycercus","poll",87.76914,0.178439912684556,130.0839,-0.212802297047685,-42.31476
"281",144,1994,"HMK008","Castilleja tenuiflora","Selasphorus platycercus","poll",87.76914,0.178439912684556,110.4106,-0.212802297047685,-22.64146
"282",144,1995,"HMK008","Castilleja tenuiflora","Selasphorus platycercus","poll",97.9382,0.178439912684556,112.2242,-0.212802297047685,-14.286
"283",144,1995,"HMK008","Castilleja tenuiflora","Selasphorus platycercus","poll",97.9382,0.178439912684556,133.6174,-0.212802297047685,-35.6792
"284",144,1997,"HMK008","Castilleja tenuiflora","Selasphorus platycercus","poll",130.9093,0.178439912684556,132.464,-0.212802297047685,-1.5547
"285",144,1997,"HMK008","Castilleja tenuiflora","Selasphorus platycercus","poll",130.9093,0.178439912684556,95.7339,-0.212802297047685,35.1754
"286",144,1999,"HMK008","Castilleja tenuiflora","Selasphorus platycercus","poll",143.1043,0.178439912684556,125.7193,-0.212802297047685,17.385
"287",144,1999,"HMK008","Castilleja tenuiflora","Selasphorus platycercus","poll",143.1043,0.178439912684556,142.5471,-0.212802297047685,0.557199999999995
"288",144,2001,"HMK008","Castilleja tenuiflora","Selasphorus platycercus","poll",124.7273,0.178439912684556,128.0064,-0.212802297047685,-3.27910000000001
"289",144,2001,"HMK008","Castilleja tenuiflora","Selasphorus platycercus","poll",124.7273,0.178439912684556,62.4637,-0.212802297047685,62.2636
"290",144,2003,"HMK008","Castilleja tenuiflora","Selasphorus platycercus","poll",102.1519,0.178439912684556,122.0984,-0.212802297047685,-19.9465
"291",144,2003,"HMK008","Castilleja tenuiflora","Selasphorus platycercus","poll",102.1519,0.178439912684556,130.4599,-0.212802297047685,-28.308
"292",144,2007,"HMK008","Castilleja tenuiflora","Selasphorus platycercus","poll",114.1644,0.178439912684556,93.8142,-0.212802297047685,20.3502
"293",144,2007,"HMK008","Castilleja tenuiflora","Selasphorus platycercus","poll",114.1644,0.178439912684556,129.7502,-0.212802297047685,-15.5858
"294",144,2008,"HMK008","Castilleja tenuiflora","Selasphorus platycercus","poll",106.7565,0.178439912684556,131.3453,-0.212802297047685,-24.5888
"295",144,2008,"HMK008","Castilleja tenuiflora","Selasphorus platycercus","poll",106.7565,0.178439912684556,113.8995,-0.212802297047685,-7.143
"296",144,2009,"HMK008","Castilleja tenuiflora","Selasphorus platycercus","poll",111.4213,0.178439912684556,84.46734,-0.212802297047685,26.95396
"297",144,2009,"HMK008","Castilleja tenuiflora","Selasphorus platycercus","poll",111.4213,0.178439912684556,129.9323,-0.212802297047685,-18.511
"298",144,2010,"HMK008","Castilleja tenuiflora","Selasphorus platycercus","poll",109.1358,0.178439912684556,134.7425,-0.212802297047685,-25.6067
"299",144,2010,"HMK008","Castilleja tenuiflora","Selasphorus platycercus","poll",109.1358,0.178439912684556,104.6873,-0.212802297047685,4.44850000000001
"300",145,1975,"HMK008","Delphinium nuttallianum","Selasphorus platycercus","poll",170.8556,-0.529816795007202,135.0237,-0.212802297047685,35.8319
"301",145,1977,"HMK008","Delphinium nuttallianum","Selasphorus platycercus","poll",156.4171,-0.529816795007202,NA,NA,NA
"302",145,1979,"HMK008","Delphinium nuttallianum","Selasphorus platycercus","poll",163.5027,-0.529816795007202,136.4563,-0.212802297047685,27.0464
"303",145,1980,"HMK008","Delphinium nuttallianum","Selasphorus platycercus","poll",166.0428,-0.529816795007202,138.321,-0.212802297047685,27.7218
"304",145,1981,"HMK008","Delphinium nuttallianum","Selasphorus platycercus","poll",151.8075,-0.529816795007202,133.4288,-0.212802297047685,18.3787
"305",145,1982,"HMK008","Delphinium nuttallianum","Selasphorus platycercus","poll",159.2941,-0.529816795007202,135.0248,-0.212802297047685,24.2693
"306",145,1983,"HMK008","Delphinium nuttallianum","Selasphorus platycercus","poll",170.9893,-0.529816795007202,147.6623,-0.212802297047685,23.327
"307",145,1984,"HMK008","Delphinium nuttallianum","Selasphorus platycercus","poll",169.385,-0.529816795007202,133.5947,-0.212802297047685,35.7903
"308",145,1984,"HMK008","Delphinium nuttallianum","Selasphorus platycercus","poll",169.385,-0.529816795007202,77.5384,-0.212802297047685,91.8466
"309",145,1985,"HMK008","Delphinium nuttallianum","Selasphorus platycercus","poll",155.8182,-0.529816795007202,82.06802,-0.212802297047685,73.75018
"310",145,1985,"HMK008","Delphinium nuttallianum","Selasphorus platycercus","poll",155.8182,-0.529816795007202,141.6883,-0.212802297047685,14.1299
"311",145,1986,"HMK008","Delphinium nuttallianum","Selasphorus platycercus","poll",151.8075,-0.529816795007202,140.7407,-0.212802297047685,11.0668
"312",145,1986,"HMK008","Delphinium nuttallianum","Selasphorus platycercus","poll",151.8075,-0.529816795007202,94.0669,-0.212802297047685,57.7406
"313",145,1987,"HMK008","Delphinium nuttallianum","Selasphorus platycercus","poll",152.8075,-0.529816795007202,104.1018,-0.212802297047685,48.7057
"314",145,1988,"HMK008","Delphinium nuttallianum","Selasphorus platycercus","poll",151.738,-0.529816795007202,139.0111,-0.212802297047685,12.7269
"315",145,1988,"HMK008","Delphinium nuttallianum","Selasphorus platycercus","poll",151.738,-0.529816795007202,135.5615,-0.212802297047685,16.1765
"316",145,1989,"HMK008","Delphinium nuttallianum","Selasphorus platycercus","poll",148.4652,-0.529816795007202,121.7085,-0.212802297047685,26.7567
"317",145,1989,"HMK008","Delphinium nuttallianum","Selasphorus platycercus","poll",148.4652,-0.529816795007202,127.1896,-0.212802297047685,21.2756
"318",145,1991,"HMK008","Delphinium nuttallianum","Selasphorus platycercus","poll",160.8289,-0.529816795007202,103.4451,-0.212802297047685,57.3838
"319",145,1991,"HMK008","Delphinium nuttallianum","Selasphorus platycercus","poll",160.8289,-0.529816795007202,133.2575,-0.212802297047685,27.5714
"320",145,1993,"HMK008","Delphinium nuttallianum","Selasphorus platycercus","poll",169.5882,-0.529816795007202,137.4566,-0.212802297047685,32.1316
"321",145,1993,"HMK008","Delphinium nuttallianum","Selasphorus platycercus","poll",169.5882,-0.529816795007202,113.5057,-0.212802297047685,56.0825
"322",145,1995,"HMK008","Delphinium nuttallianum","Selasphorus platycercus","poll",177.0053,-0.529816795007202,112.2242,-0.212802297047685,64.7811
"323",145,1995,"HMK008","Delphinium nuttallianum","Selasphorus platycercus","poll",177.0053,-0.529816795007202,133.6174,-0.212802297047685,43.3879
"324",145,1996,"HMK008","Delphinium nuttallianum","Selasphorus platycercus","poll",155.8824,-0.529816795007202,131.0961,-0.212802297047685,24.7863
"325",145,1996,"HMK008","Delphinium nuttallianum","Selasphorus platycercus","poll",155.8824,-0.529816795007202,147.1273,-0.212802297047685,8.7551
"326",145,1997,"HMK008","Delphinium nuttallianum","Selasphorus platycercus","poll",153.6791,-0.529816795007202,132.464,-0.212802297047685,21.2151
"327",145,1997,"HMK008","Delphinium nuttallianum","Selasphorus platycercus","poll",153.6791,-0.529816795007202,95.7339,-0.212802297047685,57.9452
"328",145,1998,"HMK008","Delphinium nuttallianum","Selasphorus platycercus","poll",146.3262,-0.529816795007202,138.7463,-0.212802297047685,7.57990000000001
"329",145,1998,"HMK008","Delphinium nuttallianum","Selasphorus platycercus","poll",146.3262,-0.529816795007202,129.4315,-0.212802297047685,16.8947
"330",145,1999,"HMK008","Delphinium nuttallianum","Selasphorus platycercus","poll",160.0267,-0.529816795007202,142.5471,-0.212802297047685,17.4796
"331",145,1999,"HMK008","Delphinium nuttallianum","Selasphorus platycercus","poll",160.0267,-0.529816795007202,125.7193,-0.212802297047685,34.3074
"332",145,2000,"HMK008","Delphinium nuttallianum","Selasphorus platycercus","poll",150,-0.529816795007202,107.125,-0.212802297047685,42.875
"333",145,2000,"HMK008","Delphinium nuttallianum","Selasphorus platycercus","poll",150,-0.529816795007202,125.4019,-0.212802297047685,24.5981
"334",145,2001,"HMK008","Delphinium nuttallianum","Selasphorus platycercus","poll",152.3422,-0.529816795007202,62.4637,-0.212802297047685,89.8785
"335",145,2001,"HMK008","Delphinium nuttallianum","Selasphorus platycercus","poll",152.3422,-0.529816795007202,128.0064,-0.212802297047685,24.3358
"336",145,2002,"HMK008","Delphinium nuttallianum","Selasphorus platycercus","poll",137.5027,-0.529816795007202,125.7198,-0.212802297047685,11.7829
"337",145,2003,"HMK008","Delphinium nuttallianum","Selasphorus platycercus","poll",150,-0.529816795007202,122.0984,-0.212802297047685,27.9016
"338",145,2003,"HMK008","Delphinium nuttallianum","Selasphorus platycercus","poll",150,-0.529816795007202,130.4599,-0.212802297047685,19.5401
"339",145,2004,"HMK008","Delphinium nuttallianum","Selasphorus platycercus","poll",136.9679,-0.529816795007202,124.6918,-0.212802297047685,12.2761
"340",145,2005,"HMK008","Delphinium nuttallianum","Selasphorus platycercus","poll",149.8021,-0.529816795007202,129.1695,-0.212802297047685,20.6326
"341",145,2006,"HMK008","Delphinium nuttallianum","Selasphorus platycercus","poll",141.5134,-0.529816795007202,137.0587,-0.212802297047685,4.4547
"342",145,2006,"HMK008","Delphinium nuttallianum","Selasphorus platycercus","poll",141.5134,-0.529816795007202,136.6099,-0.212802297047685,4.90349999999998
"343",145,2007,"HMK008","Delphinium nuttallianum","Selasphorus platycercus","poll",138.5027,-0.529816795007202,129.7502,-0.212802297047685,8.7525
"344",145,2007,"HMK008","Delphinium nuttallianum","Selasphorus platycercus","poll",138.5027,-0.529816795007202,93.8142,-0.212802297047685,44.6885
"345",145,2008,"HMK008","Delphinium nuttallianum","Selasphorus platycercus","poll",163.9037,-0.529816795007202,131.3453,-0.212802297047685,32.5584
"346",145,2008,"HMK008","Delphinium nuttallianum","Selasphorus platycercus","poll",163.9037,-0.529816795007202,113.8995,-0.212802297047685,50.0042
"347",145,2009,"HMK008","Delphinium nuttallianum","Selasphorus platycercus","poll",147.3957,-0.529816795007202,84.46734,-0.212802297047685,62.92836
"348",145,2009,"HMK008","Delphinium nuttallianum","Selasphorus platycercus","poll",147.3957,-0.529816795007202,129.9323,-0.212802297047685,17.4634
"349",145,2010,"HMK008","Delphinium nuttallianum","Selasphorus platycercus","poll",150.4706,-0.529816795007202,134.7425,-0.212802297047685,15.7281
"350",145,2010,"HMK008","Delphinium nuttallianum","Selasphorus platycercus","poll",150.4706,-0.529816795007202,104.6873,-0.212802297047685,45.7833
"351",146,1975,"HMK008","Erythronium grandiflorum","Selasphorus platycercus","poll",159.6556,-0.446005253684566,135.0237,-0.212802297047685,24.6319
"352",146,1977,"HMK008","Erythronium grandiflorum","Selasphorus platycercus","poll",156.4232,-0.446005253684566,NA,NA,NA
"353",146,1979,"HMK008","Erythronium grandiflorum","Selasphorus platycercus","poll",157.6076,-0.446005253684566,136.4563,-0.212802297047685,21.1513
"354",146,1980,"HMK008","Erythronium grandiflorum","Selasphorus platycercus","poll",160.4089,-0.446005253684566,138.321,-0.212802297047685,22.0879
"355",146,1981,"HMK008","Erythronium grandiflorum","Selasphorus platycercus","poll",139.7202,-0.446005253684566,133.4288,-0.212802297047685,6.29140000000001
"356",146,1983,"HMK008","Erythronium grandiflorum","Selasphorus platycercus","poll",161.5833,-0.446005253684566,147.6623,-0.212802297047685,13.921
"357",146,1984,"HMK008","Erythronium grandiflorum","Selasphorus platycercus","poll",161.1712,-0.446005253684566,77.5384,-0.212802297047685,83.6328
"358",146,1984,"HMK008","Erythronium grandiflorum","Selasphorus platycercus","poll",161.1712,-0.446005253684566,133.5947,-0.212802297047685,27.5765
"359",146,1986,"HMK008","Erythronium grandiflorum","Selasphorus platycercus","poll",149.8429,-0.446005253684566,140.7407,-0.212802297047685,9.10219999999998
"360",146,1986,"HMK008","Erythronium grandiflorum","Selasphorus platycercus","poll",149.8429,-0.446005253684566,94.0669,-0.212802297047685,55.776
"361",146,1987,"HMK008","Erythronium grandiflorum","Selasphorus platycercus","poll",135.0378,-0.446005253684566,104.1018,-0.212802297047685,30.936
"362",146,1988,"HMK008","Erythronium grandiflorum","Selasphorus platycercus","poll",141.1858,-0.446005253684566,139.0111,-0.212802297047685,2.1747
"363",146,1988,"HMK008","Erythronium grandiflorum","Selasphorus platycercus","poll",141.1858,-0.446005253684566,135.5615,-0.212802297047685,5.62430000000001
"364",146,1989,"HMK008","Erythronium grandiflorum","Selasphorus platycercus","poll",139.9067,-0.446005253684566,121.7085,-0.212802297047685,18.1982
"365",146,1989,"HMK008","Erythronium grandiflorum","Selasphorus platycercus","poll",139.9067,-0.446005253684566,127.1896,-0.212802297047685,12.7171
"366",146,1991,"HMK008","Erythronium grandiflorum","Selasphorus platycercus","poll",150.7944,-0.446005253684566,103.4451,-0.212802297047685,47.3493
"367",146,1991,"HMK008","Erythronium grandiflorum","Selasphorus platycercus","poll",150.7944,-0.446005253684566,133.2575,-0.212802297047685,17.5369
"368",146,1993,"HMK008","Erythronium grandiflorum","Selasphorus platycercus","poll",157.8061,-0.446005253684566,113.5057,-0.212802297047685,44.3004
"369",146,1993,"HMK008","Erythronium grandiflorum","Selasphorus platycercus","poll",157.8061,-0.446005253684566,137.4566,-0.212802297047685,20.3495
"370",146,1995,"HMK008","Erythronium grandiflorum","Selasphorus platycercus","poll",169.6281,-0.446005253684566,133.6174,-0.212802297047685,36.0107
"371",146,1995,"HMK008","Erythronium grandiflorum","Selasphorus platycercus","poll",169.6281,-0.446005253684566,112.2242,-0.212802297047685,57.4039
"372",146,1996,"HMK008","Erythronium grandiflorum","Selasphorus platycercus","poll",145.7895,-0.446005253684566,147.1273,-0.212802297047685,-1.33779999999999
"373",146,1996,"HMK008","Erythronium grandiflorum","Selasphorus platycercus","poll",145.7895,-0.446005253684566,131.0961,-0.212802297047685,14.6934
"374",146,1997,"HMK008","Erythronium grandiflorum","Selasphorus platycercus","poll",151.3391,-0.446005253684566,132.464,-0.212802297047685,18.8751
"375",146,1997,"HMK008","Erythronium grandiflorum","Selasphorus platycercus","poll",151.3391,-0.446005253684566,95.7339,-0.212802297047685,55.6052
"376",146,1998,"HMK008","Erythronium grandiflorum","Selasphorus platycercus","poll",141.8244,-0.446005253684566,138.7463,-0.212802297047685,3.07810000000001
"377",146,1998,"HMK008","Erythronium grandiflorum","Selasphorus platycercus","poll",141.8244,-0.446005253684566,129.4315,-0.212802297047685,12.3929
"378",146,1999,"HMK008","Erythronium grandiflorum","Selasphorus platycercus","poll",149.7765,-0.446005253684566,142.5471,-0.212802297047685,7.2294
"379",146,1999,"HMK008","Erythronium grandiflorum","Selasphorus platycercus","poll",149.7765,-0.446005253684566,125.7193,-0.212802297047685,24.0572
"380",146,2000,"HMK008","Erythronium grandiflorum","Selasphorus platycercus","poll",141.3323,-0.446005253684566,125.4019,-0.212802297047685,15.9304
"381",146,2000,"HMK008","Erythronium grandiflorum","Selasphorus platycercus","poll",141.3323,-0.446005253684566,107.125,-0.212802297047685,34.2073
"382",146,2001,"HMK008","Erythronium grandiflorum","Selasphorus platycercus","poll",139.786,-0.446005253684566,62.4637,-0.212802297047685,77.3223
"383",146,2001,"HMK008","Erythronium grandiflorum","Selasphorus platycercus","poll",139.786,-0.446005253684566,128.0064,-0.212802297047685,11.7796
"384",146,2002,"HMK008","Erythronium grandiflorum","Selasphorus platycercus","poll",124.6497,-0.446005253684566,125.7198,-0.212802297047685,-1.07010000000001
"385",146,2003,"HMK008","Erythronium grandiflorum","Selasphorus platycercus","poll",143.712,-0.446005253684566,122.0984,-0.212802297047685,21.6136
"386",146,2003,"HMK008","Erythronium grandiflorum","Selasphorus platycercus","poll",143.712,-0.446005253684566,130.4599,-0.212802297047685,13.2521
"387",146,2004,"HMK008","Erythronium grandiflorum","Selasphorus platycercus","poll",135.2674,-0.446005253684566,124.6918,-0.212802297047685,10.5756
"388",146,2005,"HMK008","Erythronium grandiflorum","Selasphorus platycercus","poll",145.1012,-0.446005253684566,129.1695,-0.212802297047685,15.9317
"389",146,2006,"HMK008","Erythronium grandiflorum","Selasphorus platycercus","poll",134.6481,-0.446005253684566,136.6099,-0.212802297047685,-1.96180000000001
"390",146,2006,"HMK008","Erythronium grandiflorum","Selasphorus platycercus","poll",134.6481,-0.446005253684566,137.0587,-0.212802297047685,-2.41059999999999
"391",146,2008,"HMK008","Erythronium grandiflorum","Selasphorus platycercus","poll",155.1748,-0.446005253684566,113.8995,-0.212802297047685,41.2753
"392",146,2008,"HMK008","Erythronium grandiflorum","Selasphorus platycercus","poll",155.1748,-0.446005253684566,131.3453,-0.212802297047685,23.8295
"393",146,2009,"HMK008","Erythronium grandiflorum","Selasphorus platycercus","poll",136.2264,-0.446005253684566,84.46734,-0.212802297047685,51.75906
"394",146,2009,"HMK008","Erythronium grandiflorum","Selasphorus platycercus","poll",136.2264,-0.446005253684566,129.9323,-0.212802297047685,6.29410000000001
"395",146,2010,"HMK008","Erythronium grandiflorum","Selasphorus platycercus","poll",138.0888,-0.446005253684566,134.7425,-0.212802297047685,3.34629999999999
"396",146,2010,"HMK008","Erythronium grandiflorum","Selasphorus platycercus","poll",138.0888,-0.446005253684566,104.6873,-0.212802297047685,33.4015
"397",146,2011,"HMK008","Erythronium grandiflorum","Selasphorus platycercus","poll",155.3492,-0.446005253684566,140.2216,-0.212802297047685,15.1276
"398",148,1997,"HMK010","Chlorochytrium spp.","Codiolum spp.","mutualist",105,29.9999999999853,166,4.01943669422849e-14,-61
"399",148,1998,"HMK010","Chlorochytrium spp.","Codiolum spp.","mutualist",135,29.9999999999853,166,4.01943669422849e-14,-31
"400",149,1997,"HMK010","Chlorochytrium spp.","Mastocarpus papillatus","mutualist",105,29.9999999999853,227,4.01943669422849e-14,-122
"401",149,1998,"HMK010","Chlorochytrium spp.","Mastocarpus papillatus","mutualist",135,29.9999999999853,227,4.01943669422849e-14,-92
"402",150,1997,"HMK010","Chlorochytrium spp.","Mazzaella splendens","mutualist",105,29.9999999999853,135,0,-30
"403",150,1998,"HMK010","Chlorochytrium spp.","Mazzaella splendens","mutualist",135,29.9999999999853,135,0,0
"404",151,1997,"HMK010","Codiolum spp.","Mastocarpus papillatus","mutualist",166,4.01943669422849e-14,227,4.01943669422849e-14,-61
"405",151,1998,"HMK010","Codiolum spp.","Mastocarpus papillatus","mutualist",166,4.01943669422849e-14,227,4.01943669422849e-14,-61
"406",152,1997,"HMK010","Codiolum spp.","Mazzaella splendens","mutualist",166,4.01943669422849e-14,135,0,31
"407",152,1998,"HMK010","Codiolum spp.","Mazzaella splendens","mutualist",166,4.01943669422849e-14,135,0,31
"408",153,1997,"HMK010","Mastocarpus papillatus","Mazzaella splendens","mutualist",227,4.01943669422849e-14,135,0,92
"409",153,1998,"HMK010","Mastocarpus papillatus","Mazzaella splendens","mutualist",227,4.01943669422849e-14,135,0,92
"410",154,1996,"HMK011","Epirrita autumnata","Poecile montanus","herbivory",180.4596,-1.02194901098901,130.7477,-0.139610336134454,49.7119
"411",154,1997,"HMK011","Epirrita autumnata","Poecile montanus","herbivory",192.649,-1.02194901098901,139.6457,-0.139610336134454,53.0033
"412",154,1998,"HMK011","Epirrita autumnata","Poecile montanus","herbivory",178.8317,-1.02194901098901,135.3756,-0.139610336134454,43.4561
"413",154,1999,"HMK011","Epirrita autumnata","Poecile montanus","herbivory",169.9526,-1.02194901098901,130.4458,-0.139610336134454,39.5068
"414",154,2000,"HMK011","Epirrita autumnata","Poecile montanus","herbivory",166.9974,-1.02194901098901,132.758,-0.139610336134454,34.2394
"415",154,2001,"HMK011","Epirrita autumnata","Poecile montanus","herbivory",182.1512,-1.02194901098901,133.1005,-0.139610336134454,49.0507
"416",154,2002,"HMK011","Epirrita autumnata","Poecile montanus","herbivory",165.3688,-1.02194901098901,127.8414,-0.139610336134454,37.5274
"417",154,2003,"HMK011","Epirrita autumnata","Poecile montanus","herbivory",170.6461,-1.02194901098901,136.0817,-0.139610336134454,34.5644
"418",154,2004,"HMK011","Epirrita autumnata","Poecile montanus","herbivory",162.4261,-1.02194901098901,129.8321,-0.139610336134454,32.594
"419",154,2005,"HMK011","Epirrita autumnata","Poecile montanus","herbivory",176.9202,-1.02194901098901,131.4894,-0.139610336134454,45.4308
"420",154,2006,"HMK011","Epirrita autumnata","Poecile montanus","herbivory",168.3689,-1.02194901098901,129.8518,-0.139610336134454,38.5171
"421",154,2007,"HMK011","Epirrita autumnata","Poecile montanus","herbivory",167.391,-1.02194901098901,131.5084,-0.139610336134454,35.8826
"422",154,2008,"HMK011","Epirrita autumnata","Poecile montanus","herbivory",172.6669,-1.02194901098901,130.859,-0.139610336134454,41.8079
"423",154,2009,"HMK011","Epirrita autumnata","Poecile montanus","herbivory",170.7021,-1.02194901098901,133.5005,-0.139610336134454,37.2016
"424",155,1996,"HMK011","Epirrita autumnata","Poecile montanus","herbivory",180.4596,-1.02194901098901,130.7477,-0.139610336134454,49.7119
"425",155,1997,"HMK011","Epirrita autumnata","Poecile montanus","herbivory",192.649,-1.02194901098901,139.6457,-0.139610336134454,53.0033
"426",155,1998,"HMK011","Epirrita autumnata","Poecile montanus","herbivory",178.8317,-1.02194901098901,135.3756,-0.139610336134454,43.4561
"427",155,1999,"HMK011","Epirrita autumnata","Poecile montanus","herbivory",169.9526,-1.02194901098901,130.4458,-0.139610336134454,39.5068
"428",155,2000,"HMK011","Epirrita autumnata","Poecile montanus","herbivory",166.9974,-1.02194901098901,132.758,-0.139610336134454,34.2394
"429",155,2001,"HMK011","Epirrita autumnata","Poecile montanus","herbivory",182.1512,-1.02194901098901,133.1005,-0.139610336134454,49.0507
"430",155,2002,"HMK011","Epirrita autumnata","Poecile montanus","herbivory",165.3688,-1.02194901098901,127.8414,-0.139610336134454,37.5274
"431",155,2003,"HMK011","Epirrita autumnata","Poecile montanus","herbivory",170.6461,-1.02194901098901,136.0817,-0.139610336134454,34.5644
"432",155,2004,"HMK011","Epirrita autumnata","Poecile montanus","herbivory",162.4261,-1.02194901098901,129.8321,-0.139610336134454,32.594
"433",155,2005,"HMK011","Epirrita autumnata","Poecile montanus","herbivory",176.9202,-1.02194901098901,131.4894,-0.139610336134454,45.4308
"434",155,2006,"HMK011","Epirrita autumnata","Poecile montanus","herbivory",168.3689,-1.02194901098901,129.8518,-0.139610336134454,38.5171
"435",155,2007,"HMK011","Epirrita autumnata","Poecile montanus","herbivory",167.391,-1.02194901098901,131.5084,-0.139610336134454,35.8826
"436",155,2008,"HMK011","Epirrita autumnata","Poecile montanus","herbivory",172.6669,-1.02194901098901,130.859,-0.139610336134454,41.8079
"437",155,2009,"HMK011","Epirrita autumnata","Poecile montanus","herbivory",170.7021,-1.02194901098901,133.5005,-0.139610336134454,37.2016
"438",156,1999,"HMK012","Hamamelis virginiana","Hormaphis hamamelidis","herbivory",123,-0.999999999999819,123.876,-0.398799999999997,-0.876000000000005
"439",156,2000,"HMK012","Hamamelis virginiana","Hormaphis hamamelidis","herbivory",122,-0.999999999999819,123.944,-0.398799999999997,-1.944
"440",160,2002,"HMK015","Saissetia oleae","Chilocorus bipustulatus","predation",226,-13.9999999999931,262,34.999999999983,-36
"441",160,2003,"HMK015","Saissetia oleae","Chilocorus bipustulatus","predation",212,-13.9999999999931,297,34.999999999983,-85
"442",161,2002,"HMK015","Saissetia oleae","Rhyzobius chrysomeloides","predation",226,-13.9999999999931,247,-62.9999999999691,-21
"443",161,2003,"HMK015","Saissetia oleae","Rhyzobius chrysomeloides","predation",212,-13.9999999999931,184,-62.9999999999691,28
"444",162,2002,"HMK015","Saissetia oleae","Scymnus interruptus","predation",226,-13.9999999999931,247,-62.9999999999691,-21
"445",162,2003,"HMK015","Saissetia oleae","Scymnus interruptus","predation",212,-13.9999999999931,184,-62.9999999999691,28
"446",163,2002,"HMK015","Saissetia oleae","Scymnus mediterraneus","predation",226,-13.9999999999931,247,13.9999999999932,-21
"447",163,2003,"HMK015","Saissetia oleae","Scymnus mediterraneus","predation",212,-13.9999999999931,261,13.9999999999932,-49
"448",164,2002,"HMK015","Saissetia oleae","Scymnus subvillosus","predation",226,-13.9999999999931,262,-0.999999999999437,-36
"449",164,2003,"HMK015","Saissetia oleae","Scymnus subvillosus","predation",212,-13.9999999999931,261,-0.999999999999437,-49
"450",165,1993,"HMK016","Engraulis japonicus","Cerorhinca monocerata","predation",165.259,-1.50021650055365,143.258,0.623592857142876,22.001
"451",165,1995,"HMK016","Engraulis japonicus","Cerorhinca monocerata","predation",171.541,-1.50021650055365,139.568,0.623592857142876,31.973
"452",165,1996,"HMK016","Engraulis japonicus","Cerorhinca monocerata","predation",180.839,-1.50021650055365,147.521,0.623592857142876,33.318
"453",165,1997,"HMK016","Engraulis japonicus","Cerorhinca monocerata","predation",214.747,-1.50021650055365,153.142,0.623592857142876,61.605
"454",165,1998,"HMK016","Engraulis japonicus","Cerorhinca monocerata","predation",136.361,-1.50021650055365,145.695,0.623592857142876,-9.334
"455",165,1999,"HMK016","Engraulis japonicus","Cerorhinca monocerata","predation",157.962,-1.50021650055365,155.515,0.623592857142876,2.447
"456",165,2000,"HMK016","Engraulis japonicus","Cerorhinca monocerata","predation",162.641,-1.50021650055365,149.935,0.623592857142876,12.706
"457",165,2001,"HMK016","Engraulis japonicus","Cerorhinca monocerata","predation",145.798,-1.50021650055365,156.489,0.623592857142876,-10.691
"458",165,2002,"HMK016","Engraulis japonicus","Cerorhinca monocerata","predation",110.476,-1.50021650055365,136.909,0.623592857142876,-26.433
"459",165,2005,"HMK016","Engraulis japonicus","Cerorhinca monocerata","predation",169.134,-1.50021650055365,149.105,0.623592857142876,20.029
"460",165,2006,"HMK016","Engraulis japonicus","Cerorhinca monocerata","predation",175.361,-1.50021650055365,153.321,0.623592857142876,22.04
"461",167,1991,"HMK018","Pygoscelis adeliae","Pygoscelis antarcticus","competition",309,0.276960784313682,NA,NA,NA
"462",167,1992,"HMK018","Pygoscelis adeliae","Pygoscelis antarcticus","competition",307,0.276960784313682,NA,NA,NA
"463",167,1993,"HMK018","Pygoscelis adeliae","Pygoscelis antarcticus","competition",301,0.276960784313682,NA,NA,NA
"464",167,1994,"HMK018","Pygoscelis adeliae","Pygoscelis antarcticus","competition",311,0.276960784313682,NA,NA,NA
"465",167,1995,"HMK018","Pygoscelis adeliae","Pygoscelis antarcticus","competition",303,0.276960784313682,NA,NA,NA
"466",167,1996,"HMK018","Pygoscelis adeliae","Pygoscelis antarcticus","competition",303,0.276960784313682,NA,NA,NA
"467",167,1997,"HMK018","Pygoscelis adeliae","Pygoscelis antarcticus","competition",303,0.276960784313682,329,-0.321212121212127,-26
"468",167,1998,"HMK018","Pygoscelis adeliae","Pygoscelis antarcticus","competition",303,0.276960784313682,325,-0.321212121212127,-22
"469",167,1999,"HMK018","Pygoscelis adeliae","Pygoscelis antarcticus","competition",305,0.276960784313682,324,-0.321212121212127,-19
"470",167,2000,"HMK018","Pygoscelis adeliae","Pygoscelis antarcticus","competition",304,0.276960784313682,325,-0.321212121212127,-21
"471",167,2001,"HMK018","Pygoscelis adeliae","Pygoscelis antarcticus","competition",300,0.276960784313682,324,-0.321212121212127,-24
"472",167,2002,"HMK018","Pygoscelis adeliae","Pygoscelis antarcticus","competition",308,0.276960784313682,329,-0.321212121212127,-21
"473",167,2003,"HMK018","Pygoscelis adeliae","Pygoscelis antarcticus","competition",304,0.276960784313682,326,-0.321212121212127,-22
"474",167,2004,"HMK018","Pygoscelis adeliae","Pygoscelis antarcticus","competition",302,0.276960784313682,329,-0.321212121212127,-27
"475",167,2005,"HMK018","Pygoscelis adeliae","Pygoscelis antarcticus","competition",309.5,0.276960784313682,323,-0.321212121212127,-13.5
"476",167,2006,"HMK018","Pygoscelis adeliae","Pygoscelis antarcticus","competition",310,0.276960784313682,321,-0.321212121212127,-11
"477",167,2007,"HMK018","Pygoscelis adeliae","Pygoscelis antarcticus","competition",318,0.276960784313682,NA,NA,NA
"478",168,1991,"HMK018","Pygoscelis adeliae","Pygoscelis papua","competition",309,0.276960784313682,320,0.186274509803873,-11
"479",168,1992,"HMK018","Pygoscelis adeliae","Pygoscelis papua","competition",307,0.276960784313682,316,0.186274509803873,-9
"480",168,1993,"HMK018","Pygoscelis adeliae","Pygoscelis papua","competition",301,0.276960784313682,308,0.186274509803873,-7
"481",168,1994,"HMK018","Pygoscelis adeliae","Pygoscelis papua","competition",311,0.276960784313682,321,0.186274509803873,-10
"482",168,1995,"HMK018","Pygoscelis adeliae","Pygoscelis papua","competition",303,0.276960784313682,304,0.186274509803873,-1
"483",168,1996,"HMK018","Pygoscelis adeliae","Pygoscelis papua","competition",303,0.276960784313682,309,0.186274509803873,-6
"484",168,1997,"HMK018","Pygoscelis adeliae","Pygoscelis papua","competition",303,0.276960784313682,308,0.186274509803873,-5
"485",168,1998,"HMK018","Pygoscelis adeliae","Pygoscelis papua","competition",303,0.276960784313682,316,0.186274509803873,-13
"486",168,1999,"HMK018","Pygoscelis adeliae","Pygoscelis papua","competition",305,0.276960784313682,314.5,0.186274509803873,-9.5
"487",168,2000,"HMK018","Pygoscelis adeliae","Pygoscelis papua","competition",304,0.276960784313682,314.5,0.186274509803873,-10.5
"488",168,2001,"HMK018","Pygoscelis adeliae","Pygoscelis papua","competition",300,0.276960784313682,306,0.186274509803873,-6
"489",168,2002,"HMK018","Pygoscelis adeliae","Pygoscelis papua","competition",308,0.276960784313682,323.5,0.186274509803873,-15.5
"490",168,2003,"HMK018","Pygoscelis adeliae","Pygoscelis papua","competition",304,0.276960784313682,317.5,0.186274509803873,-13.5
"491",168,2004,"HMK018","Pygoscelis adeliae","Pygoscelis papua","competition",302,0.276960784313682,316,0.186274509803873,-14
"492",168,2005,"HMK018","Pygoscelis adeliae","Pygoscelis papua","competition",309.5,0.276960784313682,313.5,0.186274509803873,-4
"493",168,2006,"HMK018","Pygoscelis adeliae","Pygoscelis papua","competition",310,0.276960784313682,308,0.186274509803873,2
"494",168,2007,"HMK018","Pygoscelis adeliae","Pygoscelis papua","competition",318,0.276960784313682,324,0.186274509803873,-6
"495",169,1997,"HMK018","Pygoscelis antarcticus","Pygoscelis papua","competition",329,-0.321212121212127,308,0.186274509803873,21
"496",169,1998,"HMK018","Pygoscelis antarcticus","Pygoscelis papua","competition",325,-0.321212121212127,316,0.186274509803873,9
"497",169,1999,"HMK018","Pygoscelis antarcticus","Pygoscelis papua","competition",324,-0.321212121212127,314.5,0.186274509803873,9.5
"498",169,2000,"HMK018","Pygoscelis antarcticus","Pygoscelis papua","competition",325,-0.321212121212127,314.5,0.186274509803873,10.5
"499",169,2001,"HMK018","Pygoscelis antarcticus","Pygoscelis papua","competition",324,-0.321212121212127,306,0.186274509803873,18
"500",169,2002,"HMK018","Pygoscelis antarcticus","Pygoscelis papua","competition",329,-0.321212121212127,323.5,0.186274509803873,5.5
"501",169,2003,"HMK018","Pygoscelis antarcticus","Pygoscelis papua","competition",326,-0.321212121212127,317.5,0.186274509803873,8.5
"502",169,2004,"HMK018","Pygoscelis antarcticus","Pygoscelis papua","competition",329,-0.321212121212127,316,0.186274509803873,13
"503",169,2005,"HMK018","Pygoscelis antarcticus","Pygoscelis papua","competition",323,-0.321212121212127,313.5,0.186274509803873,9.5
"504",169,2006,"HMK018","Pygoscelis antarcticus","Pygoscelis papua","competition",321,-0.321212121212127,308,0.186274509803873,13
"505",170,1969,"HMK019","Daphnia spp.","Perca fluviatillis","predation",160.305,-0.696012315376935,146.943,-0.513398597613784,13.362
"506",170,1970,"HMK019","Daphnia spp.","Perca fluviatillis","predation",153.324,-0.696012315376935,142.4035,-0.513398597613784,10.9205
"507",170,1971,"HMK019","Daphnia spp.","Perca fluviatillis","predation",124.8365,-0.696012315376935,139.977,-0.513398597613784,-15.1405
"508",170,1972,"HMK019","Daphnia spp.","Perca fluviatillis","predation",140.054,-0.696012315376935,143.5655,-0.513398597613784,-3.51149999999998
"509",170,1973,"HMK019","Daphnia spp.","Perca fluviatillis","predation",137.4605,-0.696012315376935,142.2105,-0.513398597613784,-4.75000000000003
"510",170,1974,"HMK019","Daphnia spp.","Perca fluviatillis","predation",134.959,-0.696012315376935,138.198,-0.513398597613784,-3.239
"511",170,1975,"HMK019","Daphnia spp.","Perca fluviatillis","predation",131.047,-0.696012315376935,140.177,-0.513398597613784,-9.13000000000002
"512",170,1976,"HMK019","Daphnia spp.","Perca fluviatillis","predation",142.5315,-0.696012315376935,142.6785,-0.513398597613784,-0.146999999999991
"513",170,1977,"HMK019","Daphnia spp.","Perca fluviatillis","predation",134.2885,-0.696012315376935,148.327,-0.513398597613784,-14.0385
"514",170,1978,"HMK019","Daphnia spp.","Perca fluviatillis","predation",147.44,-0.696012315376935,145.719,-0.513398597613784,1.721
"515",170,1979,"HMK019","Daphnia spp.","Perca fluviatillis","predation",141.25,-0.696012315376935,143.0605,-0.513398597613784,-1.81049999999999
"516",170,1980,"HMK019","Daphnia spp.","Perca fluviatillis","predation",125.4055,-0.696012315376935,132.825,-0.513398597613784,-7.41949999999999
"517",170,1981,"HMK019","Daphnia spp.","Perca fluviatillis","predation",132.068,-0.696012315376935,141.7125,-0.513398597613784,-9.64449999999999
"518",170,1982,"HMK019","Daphnia spp.","Perca fluviatillis","predation",123.4645,-0.696012315376935,131.427,-0.513398597613784,-7.96250000000002
"519",170,1983,"HMK019","Daphnia spp.","Perca fluviatillis","predation",149.2905,-0.696012315376935,137.11,-0.513398597613784,12.1805
"520",170,1984,"HMK019","Daphnia spp.","Perca fluviatillis","predation",121.607,-0.696012315376935,130.015,-0.513398597613784,-8.40799999999999
"521",170,1986,"HMK019","Daphnia spp.","Perca fluviatillis","predation",143.5115,-0.696012315376935,139.4585,-0.513398597613784,4.053
"522",170,1987,"HMK019","Daphnia spp.","Perca fluviatillis","predation",129.6225,-0.696012315376935,129.187,-0.513398597613784,0.43549999999999
"523",170,1988,"HMK019","Daphnia spp.","Perca fluviatillis","predation",129.632,-0.696012315376935,NA,NA,NA
"524",170,1989,"HMK019","Daphnia spp.","Perca fluviatillis","predation",155.9275,-0.696012315376935,133.715,-0.513398597613784,22.2125
"525",170,1990,"HMK019","Daphnia spp.","Perca fluviatillis","predation",123.2625,-0.696012315376935,129.6245,-0.513398597613784,-6.36200000000001
"526",170,1991,"HMK019","Daphnia spp.","Perca fluviatillis","predation",126.391,-0.696012315376935,134.485,-0.513398597613784,-8.09400000000002
"527",170,1992,"HMK019","Daphnia spp.","Perca fluviatillis","predation",121.4005,-0.696012315376935,131.457,-0.513398597613784,-10.0565
"528",170,1993,"HMK019","Daphnia spp.","Perca fluviatillis","predation",123.8035,-0.696012315376935,127.515,-0.513398597613784,-3.7115
"529",170,1994,"HMK019","Daphnia spp.","Perca fluviatillis","predation",125.1545,-0.696012315376935,129.112,-0.513398597613784,-3.9575
"530",170,1995,"HMK019","Daphnia spp.","Perca fluviatillis","predation",131.477,-0.696012315376935,128.683,-0.513398597613784,2.79400000000001
"531",170,1996,"HMK019","Daphnia spp.","Perca fluviatillis","predation",139.5085,-0.696012315376935,140.108,-0.513398597613784,-0.599500000000006
"532",170,1997,"HMK019","Daphnia spp.","Perca fluviatillis","predation",110.5725,-0.696012315376935,129.181,-0.513398597613784,-18.6085
"533",170,1998,"HMK019","Daphnia spp.","Perca fluviatillis","predation",136.25,-0.696012315376935,128.187,-0.513398597613784,8.06299999999999
"534",170,1999,"HMK019","Daphnia spp.","Perca fluviatillis","predation",133.19,-0.696012315376935,125.8805,-0.513398597613784,7.3095
"535",170,2000,"HMK019","Daphnia spp.","Perca fluviatillis","predation",121.22,-0.696012315376935,126.424,-0.513398597613784,-5.20400000000001
"536",170,2001,"HMK019","Daphnia spp.","Perca fluviatillis","predation",132.4685,-0.696012315376935,135.3075,-0.513398597613784,-2.839
"537",170,2002,"HMK019","Daphnia spp.","Perca fluviatillis","predation",113.75,-0.696012315376935,124.3945,-0.513398597613784,-10.6445
"538",170,2003,"HMK019","Daphnia spp.","Perca fluviatillis","predation",100.91875,-0.696012315376935,130.897,-0.513398597613784,-29.97825
"539",170,2005,"HMK019","Daphnia spp.","Perca fluviatillis","predation",107.881,-0.696012315376935,126.7665,-0.513398597613784,-18.8855
"540",170,2006,"HMK019","Daphnia spp.","Perca fluviatillis","predation",123.75,-0.696012315376935,130.5205,-0.513398597613784,-6.7705
"541",170,2008,"HMK019","Daphnia spp.","Perca fluviatillis","predation",119.17,-0.696012315376935,126.487,-0.513398597613784,-7.31699999999999
"542",171,2009,"HMK020","Quercus robur","Thaumetopoea processionea","herbivory",106,-6.50000000000314,96,-4.00000000000177,10
"543",171,2010,"HMK020","Quercus robur","Thaumetopoea processionea","herbivory",110,-6.50000000000314,97,-4.00000000000177,13
"544",171,2011,"HMK020","Quercus robur","Thaumetopoea processionea","herbivory",93,-6.50000000000314,88,-4.00000000000177,5
"545",172,2009,"HMK020","Quercus robur","Thaumetopoea processionea","herbivory",106,-6.50000000000314,96,-4.00000000000177,10
"546",172,2010,"HMK020","Quercus robur","Thaumetopoea processionea","herbivory",110,-6.50000000000314,97,-4.00000000000177,13
"547",172,2011,"HMK020","Quercus robur","Thaumetopoea processionea","herbivory",93,-6.50000000000314,88,-4.00000000000177,5
"548",173,1998,"HMK021","Dasineura mali","Platygaster demades","parasitism",356,-8.99999999999558,346,-6.99999999999654,10
"549",173,1999,"HMK021","Dasineura mali","Platygaster demades","parasitism",347,-8.99999999999558,339,-6.99999999999654,8
"550",175,1999,"HMK023","Bombus spp.","Corydalis ambigua","pollination",115.5,0.364835164835172,113,0.721978021978037,2.5
"551",175,2000,"HMK023","Bombus spp.","Corydalis ambigua","pollination",121,0.364835164835172,121,0.721978021978037,0
"552",175,2001,"HMK023","Bombus spp.","Corydalis ambigua","pollination",116,0.364835164835172,116,0.721978021978037,0
"553",175,2002,"HMK023","Bombus spp.","Corydalis ambigua","pollination",111,0.364835164835172,104,0.721978021978037,7
"554",175,2003,"HMK023","Bombus spp.","Corydalis ambigua","pollination",115,0.364835164835172,111,0.721978021978037,4
"555",175,2004,"HMK023","Bombus spp.","Corydalis ambigua","pollination",116,0.364835164835172,111,0.721978021978037,5
"556",175,2005,"HMK023","Bombus spp.","Corydalis ambigua","pollination",121,0.364835164835172,118,0.721978021978037,3
"557",175,2006,"HMK023","Bombus spp.","Corydalis ambigua","pollination",120.5,0.364835164835172,117,0.721978021978037,3.5
"558",175,2007,"HMK023","Bombus spp.","Corydalis ambigua","pollination",115,0.364835164835172,115,0.721978021978037,0
"559",175,2008,"HMK023","Bombus spp.","Corydalis ambigua","pollination",114,0.364835164835172,109,0.721978021978037,5
"560",175,2009,"HMK023","Bombus spp.","Corydalis ambigua","pollination",116.5,0.364835164835172,117,0.721978021978037,-0.5
"561",175,2010,"HMK023","Bombus spp.","Corydalis ambigua","pollination",116,0.364835164835172,125,0.721978021978037,-9
"562",175,2011,"HMK023","Bombus spp.","Corydalis ambigua","pollination",124.5,0.364835164835172,124.5,0.721978021978037,0
"563",175,2012,"HMK023","Bombus spp.","Corydalis ambigua","pollination",123,0.364835164835172,122,0.721978021978037,1
"564",181,2002,"KJB003","Quercus ilex","Curculio elephas","predation",246,-1.99999999999833,286,-10.5000000000021,-40
"565",181,2003,"KJB003","Quercus ilex","Curculio elephas","predation",228,-1.99999999999833,256,-10.5000000000021,-28
"566",181,2004,"KJB003","Quercus ilex","Curculio elephas","predation",242,-1.99999999999833,265,-10.5000000000021,-23
"567",182,1983,"SET005","Ammodytes marinus","Fratercula arctica","predation",151.633,1.35139260869572,169.187,0.293180739130447,-17.554
"568",182,1984,"SET005","Ammodytes marinus","Fratercula arctica","predation",140.454,1.35139260869572,169.5907,0.293180739130447,-29.1367
"569",182,1985,"SET005","Ammodytes marinus","Fratercula arctica","predation",150.152,1.35139260869572,167.706,0.293180739130447,-17.554
"570",182,1986,"SET005","Ammodytes marinus","Fratercula arctica","predation",165.8,1.35139260869572,172.7784,0.293180739130447,-6.97839999999999
"571",182,1987,"SET005","Ammodytes marinus","Fratercula arctica","predation",158.576,1.35139260869572,170.0868,0.293180739130447,-11.5108
"572",182,1988,"SET005","Ammodytes marinus","Fratercula arctica","predation",162.641,1.35139260869572,176.6698,0.293180739130447,-14.0288
"573",182,1989,"SET005","Ammodytes marinus","Fratercula arctica","predation",148.7,1.35139260869572,169.2755,0.293180739130447,-20.5755
"574",182,1990,"SET005","Ammodytes marinus","Fratercula arctica","predation",146.432,1.35139260869572,172.5471,0.293180739130447,-26.1151
"575",182,1991,"SET005","Ammodytes marinus","Fratercula arctica","predation",156.363,1.35139260869572,164.8522,0.293180739130447,-8.48920000000001
"576",182,1992,"SET005","Ammodytes marinus","Fratercula arctica","predation",154.716,1.35139260869572,169.2484,0.293180739130447,-14.5324
"577",182,1993,"SET005","Ammodytes marinus","Fratercula arctica","predation",162.503,1.35139260869572,170.9922,0.293180739130447,-8.48920000000001
"578",182,1994,"SET005","Ammodytes marinus","Fratercula arctica","predation",165.191,1.35139260869572,168.1406,0.293180739130447,-2.9496
"579",182,1995,"SET005","Ammodytes marinus","Fratercula arctica","predation",177.027,1.35139260869572,175.4443,0.293180739130447,1.58269999999999
"580",182,1996,"SET005","Ammodytes marinus","Fratercula arctica","predation",162.036,1.35139260869572,179.0864,0.293180739130447,-17.0504
"581",182,1997,"SET005","Ammodytes marinus","Fratercula arctica","predation",136.656,1.35139260869572,163.7783,0.293180739130447,-27.1223
"582",182,1998,"SET005","Ammodytes marinus","Fratercula arctica","predation",171.366,1.35139260869572,179.8552,0.293180739130447,-8.48919999999998
"583",182,1999,"SET005","Ammodytes marinus","Fratercula arctica","predation",171.002,1.35139260869572,168.4121,0.293180739130447,2.5899
"584",182,2000,"SET005","Ammodytes marinus","Fratercula arctica","predation",144.576,1.35139260869572,166.1587,0.293180739130447,-21.5827
"585",182,2001,"SET005","Ammodytes marinus","Fratercula arctica","predation",157.698,1.35139260869572,172.734,0.293180739130447,-15.036
"586",182,2002,"SET005","Ammodytes marinus","Fratercula arctica","predation",160.767,1.35139260869572,172.7814,0.293180739130447,-12.0144
"587",182,2003,"SET005","Ammodytes marinus","Fratercula arctica","predation",165.359,1.35139260869572,170.8266,0.293180739130447,-5.4676
"588",182,2004,"SET005","Ammodytes marinus","Fratercula arctica","predation",215.182,1.35139260869572,171.8007,0.293180739130447,43.3813
"589",182,2005,"SET005","Ammodytes marinus","Fratercula arctica","predation",182.176,1.35139260869572,186.1328,0.293180739130447,-3.95680000000002
"590",182,2006,"SET005","Ammodytes marinus","Fratercula arctica","predation",187.913,1.35139260869572,180.2871,0.293180739130447,7.6259
"591",183,1983,"SET005","Ammodytes marinus","Rissa tridactyla","predation",151.633,1.35139260869572,188.3236,0.750359347826135,-36.6906
"592",183,1984,"SET005","Ammodytes marinus","Rissa tridactyla","predation",140.454,1.35139260869572,186.209,0.750359347826135,-45.755
"593",183,1985,"SET005","Ammodytes marinus","Rissa tridactyla","predation",150.152,1.35139260869572,194.397,0.750359347826135,-44.245
"594",183,1986,"SET005","Ammodytes marinus","Rissa tridactyla","predation",165.8,1.35139260869572,188.8935,0.750359347826135,-23.0935
"595",183,1987,"SET005","Ammodytes marinus","Rissa tridactyla","predation",158.576,1.35139260869572,183.1803,0.750359347826135,-24.6043
"596",183,1988,"SET005","Ammodytes marinus","Rissa tridactyla","predation",162.641,1.35139260869572,186.2381,0.750359347826135,-23.5971
"597",183,1989,"SET005","Ammodytes marinus","Rissa tridactyla","predation",148.7,1.35139260869572,177.8367,0.750359347826135,-29.1367
"598",183,1990,"SET005","Ammodytes marinus","Rissa tridactyla","predation",146.432,1.35139260869572,181.6119,0.750359347826135,-35.1799
"599",183,1991,"SET005","Ammodytes marinus","Rissa tridactyla","predation",156.363,1.35139260869572,184.9961,0.750359347826135,-28.6331
"600",183,1992,"SET005","Ammodytes marinus","Rissa tridactyla","predation",154.716,1.35139260869572,180.8311,0.750359347826135,-26.1151
"601",183,1993,"SET005","Ammodytes marinus","Rissa tridactyla","predation",162.503,1.35139260869572,183.0785,0.750359347826135,-20.5755
"602",183,1994,"SET005","Ammodytes marinus","Rissa tridactyla","predation",165.191,1.35139260869572,197.3493,0.750359347826135,-32.1583
"603",183,1995,"SET005","Ammodytes marinus","Rissa tridactyla","predation",177.027,1.35139260869572,195.5882,0.750359347826135,-18.5612
"604",183,1996,"SET005","Ammodytes marinus","Rissa tridactyla","predation",162.036,1.35139260869572,205.273,0.750359347826135,-43.237
"605",183,1997,"SET005","Ammodytes marinus","Rissa tridactyla","predation",136.656,1.35139260869572,189.462,0.750359347826135,-52.806
"606",183,1998,"SET005","Ammodytes marinus","Rissa tridactyla","predation",171.366,1.35139260869572,192.9487,0.750359347826135,-21.5827
"607",183,1999,"SET005","Ammodytes marinus","Rissa tridactyla","predation",171.002,1.35139260869572,195.6063,0.750359347826135,-24.6043
"608",183,2000,"SET005","Ammodytes marinus","Rissa tridactyla","predation",144.576,1.35139260869572,185.295,0.750359347826135,-40.719
"609",183,2001,"SET005","Ammodytes marinus","Rissa tridactyla","predation",157.698,1.35139260869572,196.403,0.750359347826135,-38.705
"610",183,2002,"SET005","Ammodytes marinus","Rissa tridactyla","predation",160.767,1.35139260869572,189.4001,0.750359347826135,-28.6331
"611",183,2003,"SET005","Ammodytes marinus","Rissa tridactyla","predation",165.359,1.35139260869572,188.9561,0.750359347826135,-23.5971
"612",183,2004,"SET005","Ammodytes marinus","Rissa tridactyla","predation",215.182,1.35139260869572,204.0309,0.750359347826135,11.1511
"613",183,2005,"SET005","Ammodytes marinus","Rissa tridactyla","predation",182.176,1.35139260869572,211.3127,0.750359347826135,-29.1367
"614",183,2006,"SET005","Ammodytes marinus","Rissa tridactyla","predation",187.913,1.35139260869572,206.4742,0.750359347826135,-18.5612
"615",184,1983,"SET005","Ammodytes marinus","Alca torda","predation",151.633,1.35139260869572,176.5561,0.200621956521759,-24.9231
"616",184,1984,"SET005","Ammodytes marinus","Alca torda","predation",140.454,1.35139260869572,175.8386,0.200621956521759,-35.3846
"617",184,1985,"SET005","Ammodytes marinus","Alca torda","predation",150.152,1.35139260869572,173.5366,0.200621956521759,-23.3846
"618",184,1986,"SET005","Ammodytes marinus","Alca torda","predation",165.8,1.35139260869572,178.1077,0.200621956521759,-12.3077
"619",184,1987,"SET005","Ammodytes marinus","Alca torda","predation",158.576,1.35139260869572,173.6529,0.200621956521759,-15.0769
"620",184,1988,"SET005","Ammodytes marinus","Alca torda","predation",162.641,1.35139260869572,172.4872,0.200621956521759,-9.84620000000001
"621",184,1989,"SET005","Ammodytes marinus","Alca torda","predation",148.7,1.35139260869572,169.0077,0.200621956521759,-20.3077
"622",184,1990,"SET005","Ammodytes marinus","Alca torda","predation",146.432,1.35139260869572,173.5089,0.200621956521759,-27.0769
"623",184,1991,"SET005","Ammodytes marinus","Alca torda","predation",156.363,1.35139260869572,172.0553,0.200621956521759,-15.6923
"624",184,1992,"SET005","Ammodytes marinus","Alca torda","predation",154.716,1.35139260869572,169.7929,0.200621956521759,-15.0769
"625",184,1993,"SET005","Ammodytes marinus","Alca torda","predation",162.503,1.35139260869572,172.3492,0.200621956521759,-9.84620000000001
"626",184,1994,"SET005","Ammodytes marinus","Alca torda","predation",165.191,1.35139260869572,177.191,0.200621956521759,-12
"627",184,1995,"SET005","Ammodytes marinus","Alca torda","predation",177.027,1.35139260869572,177.3347,0.200621956521759,-0.307700000000011
"628",184,1996,"SET005","Ammodytes marinus","Alca torda","predation",162.036,1.35139260869572,184.1898,0.200621956521759,-22.1538
"629",184,1997,"SET005","Ammodytes marinus","Alca torda","predation",136.656,1.35139260869572,168.656,0.200621956521759,-32
"630",184,1998,"SET005","Ammodytes marinus","Alca torda","predation",171.366,1.35139260869572,179.9814,0.200621956521759,-8.61539999999999
"631",184,1999,"SET005","Ammodytes marinus","Alca torda","predation",171.002,1.35139260869572,177.1558,0.200621956521759,-6.15379999999999
"632",184,2000,"SET005","Ammodytes marinus","Alca torda","predation",144.576,1.35139260869572,175.6529,0.200621956521759,-31.0769
"633",184,2001,"SET005","Ammodytes marinus","Alca torda","predation",157.698,1.35139260869572,176.4672,0.200621956521759,-18.7692
"634",184,2002,"SET005","Ammodytes marinus","Alca torda","predation",160.767,1.35139260869572,172.767,0.200621956521759,-12
"635",184,2003,"SET005","Ammodytes marinus","Alca torda","predation",165.359,1.35139260869572,171.5128,0.200621956521759,-6.15379999999999
"636",184,2004,"SET005","Ammodytes marinus","Alca torda","predation",215.182,1.35139260869572,181.9512,0.200621956521759,33.2308
"637",184,2005,"SET005","Ammodytes marinus","Alca torda","predation",182.176,1.35139260869572,181.2529,0.200621956521759,0.923099999999977
"638",184,2006,"SET005","Ammodytes marinus","Alca torda","predation",187.913,1.35139260869572,179.6053,0.200621956521759,8.30770000000001
"639",185,1983,"SET005","Ammodytes marinus","Phalacrocorax aristotelis","predation",151.633,1.35139260869572,167.6403,-0.465760260869667,-16.0073
"640",185,1984,"SET005","Ammodytes marinus","Phalacrocorax aristotelis","predation",140.454,1.35139260869572,185.146,-0.465760260869667,-44.692
"641",185,1985,"SET005","Ammodytes marinus","Phalacrocorax aristotelis","predation",150.152,1.35139260869572,211.44,-0.465760260869667,-61.288
"642",185,1986,"SET005","Ammodytes marinus","Phalacrocorax aristotelis","predation",165.8,1.35139260869572,198.3641,-0.465760260869667,-32.5641
"643",185,1987,"SET005","Ammodytes marinus","Phalacrocorax aristotelis","predation",158.576,1.35139260869572,173.4949,-0.465760260869667,-14.9189
"644",185,1988,"SET005","Ammodytes marinus","Phalacrocorax aristotelis","predation",162.641,1.35139260869572,201.2084,-0.465760260869667,-38.5674
"645",185,1989,"SET005","Ammodytes marinus","Phalacrocorax aristotelis","predation",148.7,1.35139260869572,184.2241,-0.465760260869667,-35.5241
"646",185,1990,"SET005","Ammodytes marinus","Phalacrocorax aristotelis","predation",146.432,1.35139260869572,198.553,-0.465760260869667,-52.121
"647",185,1991,"SET005","Ammodytes marinus","Phalacrocorax aristotelis","predation",156.363,1.35139260869572,194.867,-0.465760260869667,-38.504
"648",185,1992,"SET005","Ammodytes marinus","Phalacrocorax aristotelis","predation",154.716,1.35139260869572,178.0927,-0.465760260869667,-23.3767
"649",185,1993,"SET005","Ammodytes marinus","Phalacrocorax aristotelis","predation",162.503,1.35139260869572,230.175,-0.465760260869667,-67.672
"650",185,1994,"SET005","Ammodytes marinus","Phalacrocorax aristotelis","predation",165.191,1.35139260869572,199.6049,-0.465760260869667,-34.4139
"651",185,1995,"SET005","Ammodytes marinus","Phalacrocorax aristotelis","predation",177.027,1.35139260869572,156.5325,-0.465760260869667,20.4945
"652",185,1996,"SET005","Ammodytes marinus","Phalacrocorax aristotelis","predation",162.036,1.35139260869572,176.7685,-0.465760260869667,-14.7325
"653",185,1997,"SET005","Ammodytes marinus","Phalacrocorax aristotelis","predation",136.656,1.35139260869572,156.4065,-0.465760260869667,-19.7505
"654",185,1998,"SET005","Ammodytes marinus","Phalacrocorax aristotelis","predation",171.366,1.35139260869572,186.0628,-0.465760260869667,-14.6968
"655",185,1999,"SET005","Ammodytes marinus","Phalacrocorax aristotelis","predation",171.002,1.35139260869572,197.2594,-0.465760260869667,-26.2574
"656",185,2000,"SET005","Ammodytes marinus","Phalacrocorax aristotelis","predation",144.576,1.35139260869572,183.4031,-0.465760260869667,-38.8271
"657",185,2001,"SET005","Ammodytes marinus","Phalacrocorax aristotelis","predation",157.698,1.35139260869572,178.8799,-0.465760260869667,-21.1819
"658",185,2002,"SET005","Ammodytes marinus","Phalacrocorax aristotelis","predation",160.767,1.35139260869572,175.3825,-0.465760260869667,-14.6155
"659",185,2003,"SET005","Ammodytes marinus","Phalacrocorax aristotelis","predation",165.359,1.35139260869572,157.2935,-0.465760260869667,8.06550000000001
"660",185,2004,"SET005","Ammodytes marinus","Phalacrocorax aristotelis","predation",215.182,1.35139260869572,185.9462,-0.465760260869667,29.2358
"661",185,2005,"SET005","Ammodytes marinus","Phalacrocorax aristotelis","predation",182.176,1.35139260869572,201.7639,-0.465760260869667,-19.5879
"662",185,2006,"SET005","Ammodytes marinus","Phalacrocorax aristotelis","predation",187.913,1.35139260869572,185.829,-0.465760260869667,2.084
"663",186,1983,"SET005","Ammodytes marinus","Uria aalge","predation",151.633,1.35139260869572,182.9503,-0.461997086956522,-31.3173
"664",186,1984,"SET005","Ammodytes marinus","Uria aalge","predation",140.454,1.35139260869572,169.5155,-0.461997086956522,-29.0615
"665",186,1985,"SET005","Ammodytes marinus","Uria aalge","predation",150.152,1.35139260869572,178.0308,-0.461997086956522,-27.8788
"666",186,1986,"SET005","Ammodytes marinus","Uria aalge","predation",165.8,1.35139260869572,189.9808,-0.461997086956522,-24.1808
"667",186,1987,"SET005","Ammodytes marinus","Uria aalge","predation",158.576,1.35139260869572,177.1568,-0.461997086956522,-18.5808
"668",186,1988,"SET005","Ammodytes marinus","Uria aalge","predation",162.641,1.35139260869572,180.8006,-0.461997086956522,-18.1596
"669",186,1989,"SET005","Ammodytes marinus","Uria aalge","predation",148.7,1.35139260869572,166.2404,-0.461997086956522,-17.5404
"670",186,1990,"SET005","Ammodytes marinus","Uria aalge","predation",146.432,1.35139260869572,163.7301,-0.461997086956522,-17.2981
"671",186,1991,"SET005","Ammodytes marinus","Uria aalge","predation",156.363,1.35139260869572,171.2611,-0.461997086956522,-14.8981
"672",186,1992,"SET005","Ammodytes marinus","Uria aalge","predation",154.716,1.35139260869572,167.3352,-0.461997086956522,-12.6192
"673",186,1993,"SET005","Ammodytes marinus","Uria aalge","predation",162.503,1.35139260869572,175.2203,-0.461997086956522,-12.7173
"674",186,1994,"SET005","Ammodytes marinus","Uria aalge","predation",165.191,1.35139260869572,177.391,-0.461997086956522,-12.2
"675",186,1995,"SET005","Ammodytes marinus","Uria aalge","predation",177.027,1.35139260869572,188.2847,-0.461997086956522,-11.2577
"676",186,1996,"SET005","Ammodytes marinus","Uria aalge","predation",162.036,1.35139260869572,173.4533,-0.461997086956522,-11.4173
"677",186,1997,"SET005","Ammodytes marinus","Uria aalge","predation",136.656,1.35139260869572,144.7964,-0.461997086956522,-8.1404
"678",186,1998,"SET005","Ammodytes marinus","Uria aalge","predation",171.366,1.35139260869572,177.9679,-0.461997086956522,-6.60189999999997
"679",186,1999,"SET005","Ammodytes marinus","Uria aalge","predation",171.002,1.35139260869572,177.7385,-0.461997086956522,-6.73649999999998
"680",186,2000,"SET005","Ammodytes marinus","Uria aalge","predation",144.576,1.35139260869572,149.9125,-0.461997086956522,-5.3365
"681",186,2001,"SET005","Ammodytes marinus","Uria aalge","predation",157.698,1.35139260869572,161.6365,-0.461997086956522,-3.9385
"682",186,2002,"SET005","Ammodytes marinus","Uria aalge","predation",160.767,1.35139260869572,164.1247,-0.461997086956522,-3.35769999999999
"683",186,2003,"SET005","Ammodytes marinus","Uria aalge","predation",165.359,1.35139260869572,164.3359,-0.461997086956522,1.0231
"684",186,2004,"SET005","Ammodytes marinus","Uria aalge","predation",215.182,1.35139260869572,207.4608,-0.461997086956522,7.72119999999998
"685",186,2005,"SET005","Ammodytes marinus","Uria aalge","predation",182.176,1.35139260869572,173.6741,-0.461997086956522,8.50189999999998
"686",186,2006,"SET005","Ammodytes marinus","Uria aalge","predation",187.913,1.35139260869572,151.8707,-0.461997086956522,36.0423
